ticker,as_of,score_total,score_A_breakout,score_B_correction,score_C_ma5_position,score_D_trend_momentum,last_close,ma5,ma20,breakout_date,notes
IKBI,2026-09-16,100.0,25.0,25.0,30.0,20.0,575.0,565.0,532.75,2026-09-10,"Breakout body=4.10x avg, vol=6.07x avg (2026-09-10) | Koreksi body=0.41x, vol=0.39x candle breakout (4 candle) | Close +1.77% vs MA5 | MA5>MA20=True, StochK=88.1, StochD=85.8"
AKPI,2026-09-16,97.5,25.0,24.0,30.0,18.5,550.0,540.0,522.95,2026-08-31,"Breakout body=2.94x avg, vol=3.65x avg (2026-08-31) | Koreksi body=0.33x, vol=0.54x candle breakout (12 candle) | Close +1.85% vs MA5 | MA5>MA20=True, StochK=64.0, StochD=61.5"
PTIS,2026-09-16,97.1,25.0,25.0,28.5,18.6,260.0,260.4,258.4,2026-09-09,"Breakout body=3.64x avg, vol=7.83x avg (2026-09-09) | Koreksi body=0.20x, vol=0.45x candle breakout (5 candle) | Close -0.15% vs MA5 | MA5>MA20=True, StochK=64.5, StochD=63.2"
YOII,2026-09-16,95.5,25.0,20.5,30.0,20.0,83.0,82.2,82.05,2026-09-15,"Breakout body=4.00x avg, vol=13.54x avg (2026-09-15) | Koreksi body=0.75x, vol=0.15x candle breakout (1 candle) | Close +0.97% vs MA5 | MA5>MA20=True, StochK=79.1, StochD=70.4"
BDKR,2026-09-16,95.1,25.0,25.0,30.0,15.1,160.0,158.2,157.75,2026-09-15,"Breakout body=5.56x avg, vol=4.48x avg (2026-09-15) | Koreksi body=0.40x, vol=0.42x candle breakout (1 candle) | Close +1.14% vs MA5 | MA5>MA20=True, StochK=50.4, StochD=32.8"
BNBA,2026-09-16,93.1,25.0,25.0,30.0,13.1,800.0,792.0,768.25,2026-08-31,"Breakout body=5.24x avg, vol=5.42x avg (2026-08-31) | Koreksi body=0.28x, vol=0.50x candle breakout (12 candle) | Close +1.01% vs MA5 | MA5>MA20=True, StochK=55.2, StochD=59.5 (bearish cross)"
RSGK,2026-09-16,92.8,24.4,24.8,23.6,20.0,1070.0,1036.0,971.75,2026-09-09,"Breakout body=2.44x avg, vol=6.37x avg (2026-09-09) | Koreksi body=0.40x, vol=0.51x candle breakout (5 candle) | Close +3.28% vs MA5 | MA5>MA20=True, StochK=100.0, StochD=100.0"
CBUT,2026-09-16,92.8,25.0,25.0,30.0,12.8,1050.0,1030.0,925.75,2026-08-27,"Breakout body=4.74x avg, vol=14.86x avg (2026-08-27) | Koreksi body=0.38x, vol=0.25x candle breakout (14 candle) | Close +1.94% vs MA5 | MA5>MA20=True, StochK=52.3, StochD=60.7 (bearish cross)"
MBSS,2026-09-16,92.6,25.0,25.0,27.9,14.6,2880.0,2886.0,2851.0,2026-09-02,"Breakout body=5.38x avg, vol=4.12x avg (2026-09-02) | Koreksi body=0.14x, vol=0.24x candle breakout (10 candle) | Close -0.21% vs MA5 | MA5>MA20=True, StochK=67.1, StochD=71.6 (bearish cross)"
JSPT,2026-09-16,92.5,25.0,23.5,30.0,14.0,1470.0,1463.0,1416.25,2026-09-11,"Breakout body=4.07x avg, vol=2.78x avg (2026-09-11) | Koreksi body=0.06x, vol=0.56x candle breakout (3 candle) | Close +0.48% vs MA5 | MA5>MA20=True, StochK=72.6, StochD=74.8 (bearish cross)"
IFII,2026-09-16,92.1,25.0,25.0,30.0,12.1,210.0,209.2,205.9,2026-09-11,"Breakout body=8.33x avg, vol=18.40x avg (2026-09-11) | Koreksi body=0.40x, vol=0.12x candle breakout (3 candle) | Close +0.38% vs MA5 | MA5>MA20=True, StochK=46.6, StochD=52.7 (bearish cross)"
TRJA,2026-09-16,91.9,25.0,23.1,30.0,13.8,134.0,131.8,127.8,2026-09-15,"Breakout body=7.30x avg, vol=15.77x avg (2026-09-15) | Koreksi body=0.61x, vol=0.17x candle breakout (1 candle) | Close +1.67% vs MA5 | MA5>MA20=True, StochK=45.3, StochD=30.0"
KRYA,2026-09-16,90.5,25.0,25.0,23.8,16.7,70.0,67.8,66.7,2026-08-28,"Breakout body=4.44x avg, vol=8.95x avg (2026-08-28) | Koreksi body=0.12x, vol=0.15x candle breakout (13 candle) | Close +3.24% vs MA5 | MA5>MA20=True, StochK=56.8, StochD=49.5"
MTWI,2026-09-16,90.3,24.2,21.8,30.0,14.3,270.0,269.6,258.6,2026-09-01,"Breakout body=2.42x avg, vol=15.17x avg (2026-09-01) | Koreksi body=0.68x, vol=0.06x candle breakout (11 candle) | Close +0.15% vs MA5 | MA5>MA20=True, StochK=64.4, StochD=74.4 (bearish cross)"
NELY,2026-09-16,90.2,25.0,25.0,30.0,10.2,210.0,210.0,208.7,2026-08-31,"Breakout body=7.27x avg, vol=8.37x avg (2026-08-31) | Koreksi body=0.22x, vol=0.11x candle breakout (12 candle) | Close +0.00% vs MA5 | MA5>MA20=True, StochK=31.9, StochD=32.8 (bearish cross)"
ISEA,2026-09-16,90.0,20.9,25.0,30.0,14.1,90.0,89.2,85.55,2026-08-31,"Breakout body=2.11x avg, vol=5.04x avg (2026-08-31) | Koreksi body=0.25x, vol=0.12x candle breakout (12 candle) | Close +0.90% vs MA5 | MA5>MA20=True, StochK=62.7, StochD=72.2 (bearish cross)"
ASDM,2026-09-16,89.9,20.9,25.0,30.0,14.0,520.0,520.0,514.75,2026-08-31,"Breakout body=2.22x avg, vol=2.39x avg (2026-08-31) | Koreksi body=0.33x, vol=0.35x candle breakout (12 candle) | Close +0.00% vs MA5 | MA5>MA20=True, StochK=93.9, StochD=94.1 (bearish cross)"
ENZO,2026-09-16,89.3,20.3,25.0,30.0,14.0,78.0,77.4,74.65,2026-09-01,"Breakout body=2.05x avg, vol=2.81x avg (2026-09-01) | Koreksi body=0.24x, vol=0.23x candle breakout (11 candle) | Close +0.78% vs MA5 | MA5>MA20=True, StochK=75.6, StochD=79.9 (bearish cross)"
LIFE,2026-09-15,88.3,25.0,13.3,30.0,20.0,12725.0,12725.0,9970.0,2026-08-26,"Breakout body=8.07x avg, vol=8.05x avg (2026-08-26) | Koreksi body=0.38x, vol=0.97x candle breakout (14 candle) | Close +0.00% vs MA5 | MA5>MA20=True, StochK=100.0, StochD=100.0"
PJAA,2026-09-16,88.1,25.0,25.0,24.9,13.2,466.0,468.4,464.3,2026-09-08,"Breakout body=2.86x avg, vol=2.57x avg (2026-09-08) | Koreksi body=0.50x, vol=0.34x candle breakout (6 candle) | Close -0.51% vs MA5 | MA5>MA20=True, StochK=55.8, StochD=67.8 (bearish cross)"
OILS,2026-09-16,87.6,25.0,25.0,23.6,14.0,312.0,314.0,268.7,2026-08-31,"Breakout body=3.67x avg, vol=9.74x avg (2026-08-31) | Koreksi body=0.33x, vol=0.30x candle breakout (12 candle) | Close -0.64% vs MA5 | MA5>MA20=True, StochK=83.5, StochD=93.0 (bearish cross)"
RODA,2026-09-16,87.4,22.1,25.0,30.0,10.2,66.0,65.0,64.75,2026-09-10,"Breakout body=2.22x avg, vol=4.01x avg (2026-09-10) | Koreksi body=0.38x, vol=0.34x candle breakout (4 candle) | Close +1.54% vs MA5 | MA5>MA20=True, StochK=32.0, StochD=37.6 (bearish cross)"
DLTA,2026-09-16,86.8,24.4,25.0,27.2,10.1,1785.0,1790.0,1789.75,2026-09-01,"Breakout body=4.17x avg, vol=2.45x avg (2026-09-01) | Koreksi body=0.31x, vol=0.41x candle breakout (11 candle) | Close -0.28% vs MA5 | MA5>MA20=True, StochK=30.9, StochD=37.6 (bearish cross)"
SURE,2026-09-16,85.4,25.0,25.0,22.7,12.7,3000.0,3022.0,2838.5,2026-09-04,"Breakout body=10.71x avg, vol=13.97x avg (2026-09-04) | Koreksi body=0.09x, vol=0.17x candle breakout (8 candle) | Close -0.73% vs MA5 | MA5>MA20=True, StochK=51.5, StochD=54.0 (bearish cross)"
IMPC,2026-09-16,85.0,21.2,19.3,30.0,14.5,1700.0,1695.0,1508.5,2026-09-04,"Breakout body=2.13x avg, vol=4.32x avg (2026-09-04) | Koreksi body=0.76x, vol=0.54x candle breakout (8 candle) | Close +0.29% vs MA5 | MA5>MA20=True, StochK=65.8, StochD=73.5 (bearish cross)"
AGII,2026-09-16,83.9,21.8,22.9,19.2,20.0,3300.0,3168.0,2987.0,2026-08-31,"Breakout body=2.43x avg, vol=2.26x avg (2026-08-31) | Koreksi body=0.42x, vol=0.58x candle breakout (12 candle) | Close +4.17% vs MA5 | MA5>MA20=True, StochK=81.0, StochD=80.2"
KLIN,2026-09-16,83.4,25.0,25.0,18.7,14.6,123.0,124.4,117.9,2026-09-10,"Breakout body=4.00x avg, vol=6.24x avg (2026-09-10) | Koreksi body=0.15x, vol=0.10x candle breakout (4 candle) | Close -1.13% vs MA5 | MA5>MA20=True, StochK=67.0, StochD=75.1 (bearish cross)"
TLKM,2026-09-16,83.3,15.0,18.3,30.0,20.0,2660.0,2656.0,2622.5,2026-09-14,"Breakout body=4.21x avg, vol=1.54x avg (2026-09-14) | Koreksi body=0.38x, vol=0.77x candle breakout (2 candle) | Close +0.15% vs MA5 | MA5>MA20=True, StochK=87.6, StochD=75.1"
KOKA,2026-09-16,82.9,25.0,25.0,22.7,10.2,190.0,191.4,185.0,2026-09-09,"Breakout body=5.37x avg, vol=7.75x avg (2026-09-09) | Koreksi body=0.14x, vol=0.14x candle breakout (5 candle) | Close -0.73% vs MA5 | MA5>MA20=True, StochK=31.9, StochD=38.5 (bearish cross)"
ECII,2026-09-16,82.3,25.0,17.5,29.8,10.0,170.0,166.6,164.1,2026-09-15,"Breakout body=2.77x avg, vol=3.01x avg (2026-09-15) | Koreksi body=0.22x, vol=0.80x candle breakout (1 candle) | Close +2.04% vs MA5 | MA5>MA20=True, StochK=26.2, StochD=20.9"
KOBX,2026-09-16,82.1,25.0,25.0,22.1,10.0,176.0,177.4,175.0,2026-08-27,"Breakout body=3.38x avg, vol=4.04x avg (2026-08-27) | Koreksi body=0.25x, vol=0.08x candle breakout (14 candle) | Close -0.79% vs MA5 | MA5>MA20=True, StochK=20.3, StochD=33.7 (bearish cross)"
DART,2026-09-16,80.3,25.0,22.0,24.6,8.7,167.0,162.0,163.15,2026-09-15,"Breakout body=5.11x avg, vol=6.75x avg (2026-09-15) | Koreksi body=0.67x, vol=0.35x candle breakout (1 candle) | Close +3.09% vs MA5 | MA5>MA20=False, StochK=64.8, StochD=36.1"
ZONE,2026-09-16,80.0,25.0,25.0,30.0,0.0,710.0,709.0,724.5,2026-08-27,"Breakout body=3.14x avg, vol=5.11x avg (2026-08-27) | Koreksi body=0.12x, vol=0.17x candle breakout (14 candle) | Close +0.14% vs MA5 | MA5>MA20=False, StochK=3.2, StochD=1.1"
SMKL,2026-09-16,79.7,25.0,25.0,19.7,10.0,153.0,154.6,151.4,2026-09-03,"Breakout body=5.71x avg, vol=7.55x avg (2026-09-03) | Koreksi body=0.22x, vol=0.28x candle breakout (9 candle) | Close -1.03% vs MA5 | MA5>MA20=True, StochK=26.5, StochD=35.2 (bearish cross)"
VINS,2026-09-16,79.6,25.0,21.4,23.2,10.0,145.0,146.0,143.4,2026-09-10,"Breakout body=3.57x avg, vol=6.68x avg (2026-09-10) | Koreksi body=0.70x, vol=0.12x candle breakout (4 candle) | Close -0.68% vs MA5 | MA5>MA20=True, StochK=30.0, StochD=39.7 (bearish cross)"
DVLA,2026-09-16,79.5,25.0,15.8,28.7,10.0,1590.0,1592.0,1589.75,2026-09-01,"Breakout body=5.00x avg, vol=7.09x avg (2026-09-01) | Koreksi body=0.07x, vol=0.87x candle breakout (11 candle) | Close -0.13% vs MA5 | MA5>MA20=True, StochK=9.5, StochD=27.3 (bearish cross)"
LAPD,2026-09-16,79.2,25.0,7.4,30.0,16.8,79.0,78.8,72.1,2026-09-14,"Breakout body=4.00x avg, vol=11.57x avg (2026-09-14) | Koreksi body=1.92x, vol=0.71x candle breakout (2 candle) | Close +0.25% vs MA5 | MA5>MA20=True, StochK=57.3, StochD=46.6"
CPIN,2026-09-16,79.1,25.0,25.0,18.6,10.5,3120.0,3156.0,3111.5,2026-09-03,"Breakout body=4.66x avg, vol=2.51x avg (2026-09-03) | Koreksi body=0.24x, vol=0.31x candle breakout (9 candle) | Close -1.14% vs MA5 | MA5>MA20=True, StochK=34.2, StochD=44.0 (bearish cross)"
CRAB,2026-09-16,78.9,25.0,25.0,18.9,10.0,214.0,216.4,213.6,2026-09-02,"Breakout body=20.00x avg, vol=20.00x avg (2026-09-02) | Koreksi body=0.15x, vol=0.50x candle breakout (10 candle) | Close -1.11% vs MA5 | MA5>MA20=True, StochK=15.5, StochD=19.6 (bearish cross)"
CSAP,2026-09-16,78.7,15.0,25.0,28.6,10.0,294.0,294.4,293.5,2026-09-01,"Breakout body=2.46x avg, vol=1.58x avg (2026-09-01) | Koreksi body=0.24x, vol=0.11x candle breakout (11 candle) | Close -0.14% vs MA5 | MA5>MA20=True, StochK=30.4, StochD=32.5 (bearish cross)"
UVCR,2026-09-16,78.5,25.0,18.2,15.3,20.0,170.0,162.0,149.35,2026-09-02,"Breakout body=4.07x avg, vol=2.66x avg (2026-09-02) | Koreksi body=0.45x, vol=0.77x candle breakout (10 candle) | Close +4.94% vs MA5 | MA5>MA20=True, StochK=86.6, StochD=81.2"
PSGO,2026-09-16,77.2,19.8,24.4,27.9,5.0,194.0,194.4,195.0,2026-09-02,"Breakout body=2.00x avg, vol=8.34x avg (2026-09-02) | Koreksi body=0.53x, vol=0.13x candle breakout (10 candle) | Close -0.21% vs MA5 | MA5>MA20=False, StochK=50.2, StochD=43.4"
DIVA,2026-09-16,77.1,22.1,25.0,30.0,0.0,136.0,136.0,136.9,2026-08-27,"Breakout body=2.22x avg, vol=3.26x avg (2026-08-27) | Koreksi body=0.18x, vol=0.14x candle breakout (14 candle) | Close +0.00% vs MA5 | MA5>MA20=False, StochK=14.4, StochD=17.5 (bearish cross)"
FORU,2026-09-16,77.0,25.0,11.0,27.0,14.0,4020.0,4032.0,3029.75,2026-08-31,"Breakout body=4.30x avg, vol=2.99x avg (2026-08-31) | Koreksi body=0.58x, vol=1.69x candle breakout (12 candle) | Close -0.30% vs MA5 | MA5>MA20=True, StochK=81.8, StochD=84.2 (bearish cross)"
TBMS,2026-09-16,76.8,10.3,18.8,30.0,17.8,1255.0,1234.0,1224.5,2026-09-08,"Breakout body=1.54x avg, vol=2.05x avg (2026-09-08) | Koreksi body=0.53x, vol=0.73x candle breakout (6 candle) | Close +1.70% vs MA5 | MA5>MA20=True, StochK=61.1, StochD=54.6"
WINE,2026-09-16,76.7,17.6,25.0,30.0,4.1,131.0,130.2,131.35,2026-09-02,"Breakout body=1.79x avg, vol=2.71x avg (2026-09-02) | Koreksi body=0.22x, vol=0.16x candle breakout (10 candle) | Close +0.61% vs MA5 | MA5>MA20=False, StochK=63.0, StochD=66.0 (bearish cross)"
BINA,2026-09-16,76.6,25.0,25.0,26.6,0.0,4080.0,4094.0,4167.0,2026-08-31,"Breakout body=3.31x avg, vol=5.62x avg (2026-08-31) | Koreksi body=0.17x, vol=0.07x candle breakout (12 candle) | Close -0.34% vs MA5 | MA5>MA20=False, StochK=2.7, StochD=1.8"
FMII,2026-09-16,76.5,20.6,25.0,30.0,0.9,252.0,252.0,253.2,2026-08-27,"Breakout body=3.04x avg, vol=2.08x avg (2026-08-27) | Koreksi body=0.18x, vol=0.33x candle breakout (14 candle) | Close +0.00% vs MA5 | MA5>MA20=False, StochK=37.2, StochD=45.3 (bearish cross)"
PPRI,2026-09-16,76.4,25.0,25.0,14.1,12.3,173.0,175.8,158.25,2026-09-04,"Breakout body=6.39x avg, vol=11.51x avg (2026-09-04) | Koreksi body=0.42x, vol=0.42x candle breakout (8 candle) | Close -1.59% vs MA5 | MA5>MA20=True, StochK=48.4, StochD=52.2 (bearish cross)"
KJEN,2026-09-16,76.4,19.3,20.0,27.0,10.0,166.0,161.8,163.1,2026-09-15,"Breakout body=1.96x avg, vol=7.06x avg (2026-09-15) | Koreksi body=0.78x, vol=0.13x candle breakout (1 candle) | Close +2.60% vs MA5 | MA5>MA20=False, StochK=77.0, StochD=49.4"
ANTM,2026-09-16,76.2,21.4,17.5,22.6,14.7,3220.0,3244.0,3162.5,2026-09-09,"Breakout body=2.76x avg, vol=2.16x avg (2026-09-09) | Koreksi body=0.42x, vol=0.80x candle breakout (5 candle) | Close -0.74% vs MA5 | MA5>MA20=True, StochK=67.7, StochD=77.9 (bearish cross)"
KAQI,2026-09-16,75.8,25.0,25.0,25.8,0.0,95.0,95.4,97.05,2026-09-02,"Breakout body=3.64x avg, vol=6.72x avg (2026-09-02) | Koreksi body=0.29x, vol=0.12x candle breakout (10 candle) | Close -0.42% vs MA5 | MA5>MA20=False, StochK=9.8, StochD=19.6 (bearish cross)"
ASPR,2026-09-16,75.7,19.9,23.8,24.8,7.3,149.0,144.6,150.3,2026-09-15,"Breakout body=3.90x avg, vol=2.01x avg (2026-09-15) | Koreksi body=0.27x, vol=0.55x candle breakout (1 candle) | Close +3.04% vs MA5 | MA5>MA20=False, StochK=59.1, StochD=30.7"
DSFI,2026-09-16,75.0,25.0,12.5,27.5,10.0,90.0,87.8,87.45,2026-09-16,"Breakout body=2.73x avg, vol=9.36x avg (2026-09-16) | Belum ada candle koreksi (baru saja breakout) | Close +2.51% vs MA5 | MA5>MA20=True, StochK=24.7, StochD=8.2"
TFAS,2026-09-16,74.7,23.3,25.0,25.7,0.6,185.0,185.8,185.9,2026-09-07,"Breakout body=2.91x avg, vol=2.34x avg (2026-09-07) | Koreksi body=0.27x, vol=0.26x candle breakout (7 candle) | Close -0.43% vs MA5 | MA5>MA20=False, StochK=35.0, StochD=36.1 (bearish cross)"
OBAT,2026-09-16,74.6,25.0,25.0,23.3,1.3,238.0,239.6,240.9,2026-09-07,"Breakout body=4.32x avg, vol=11.32x avg (2026-09-07) | Koreksi body=0.16x, vol=0.11x candle breakout (7 candle) | Close -0.67% vs MA5 | MA5>MA20=False, StochK=40.2, StochD=43.2 (bearish cross)"
GULA,2026-09-16,74.5,5.5,25.0,30.0,14.0,830.0,829.0,784.5,2026-09-02,"Breakout body=1.69x avg, vol=1.44x avg (2026-09-02) | Koreksi body=0.35x, vol=0.46x candle breakout (10 candle) | Close +0.12% vs MA5 | MA5>MA20=True, StochK=72.8, StochD=81.9 (bearish cross)"
LMAX,2026-09-16,74.4,25.0,25.0,24.4,0.0,107.0,107.6,109.8,2026-09-04,"Breakout body=4.32x avg, vol=6.09x avg (2026-09-04) | Koreksi body=0.33x, vol=0.19x candle breakout (8 candle) | Close -0.56% vs MA5 | MA5>MA20=False, StochK=20.3, StochD=18.5"
ESIP,2026-09-16,73.9,25.0,25.0,23.4,0.5,121.0,121.8,122.8,2026-09-08,"Breakout body=6.42x avg, vol=11.55x avg (2026-09-08) | Koreksi body=0.25x, vol=0.20x candle breakout (6 candle) | Close -0.66% vs MA5 | MA5>MA20=False, StochK=34.0, StochD=37.3 (bearish cross)"
MARK,2026-09-16,73.9,13.6,21.9,18.3,20.0,1180.0,1131.0,1091.75,2026-09-10,"Breakout body=1.97x avg, vol=1.94x avg (2026-09-10) | Koreksi body=0.67x, vol=0.50x candle breakout (4 candle) | Close +4.33% vs MA5 | MA5>MA20=True, StochK=100.0, StochD=100.0"
DGIK,2026-09-16,73.6,22.8,20.7,30.0,0.1,139.0,137.4,138.5,2026-09-15,"Breakout body=2.76x avg, vol=2.29x avg (2026-09-15) | Koreksi body=0.25x, vol=0.67x candle breakout (1 candle) | Close +1.16% vs MA5 | MA5>MA20=False, StochK=30.3, StochD=16.5"
MUTU,2026-09-16,73.5,25.0,25.0,6.2,17.3,139.0,130.2,125.35,2026-09-11,"Breakout body=5.90x avg, vol=8.04x avg (2026-09-11) | Koreksi body=0.35x, vol=0.24x candle breakout (3 candle) | Close +6.76% vs MA5 | MA5>MA20=True, StochK=59.1, StochD=49.5"
HALO,2026-09-16,73.4,25.0,25.0,13.4,10.0,71.0,72.2,71.45,2026-09-07,"Breakout body=6.88x avg, vol=13.82x avg (2026-09-07) | Koreksi body=0.23x, vol=0.09x candle breakout (7 candle) | Close -1.66% vs MA5 | MA5>MA20=True, StochK=4.2, StochD=11.1 (bearish cross)"
ASII,2026-09-16,73.3,16.6,25.0,19.8,11.9,4850.0,4900.0,4861.0,2026-09-03,"Breakout body=3.58x avg, vol=1.69x avg (2026-09-03) | Koreksi body=0.37x, vol=0.47x candle breakout (9 candle) | Close -1.02% vs MA5 | MA5>MA20=True, StochK=44.9, StochD=51.4 (bearish cross)"
TBLA,2026-09-16,72.9,17.9,25.0,30.0,0.0,625.0,624.0,628.5,2026-09-02,"Breakout body=1.82x avg, vol=3.03x avg (2026-09-02) | Koreksi body=0.45x, vol=0.46x candle breakout (10 candle) | Close +0.16% vs MA5 | MA5>MA20=False, StochK=9.8, StochD=11.6 (bearish cross)"
IDPR,2026-09-16,72.2,25.0,17.6,15.6,14.0,274.0,278.0,271.2,2026-08-31,"Breakout body=2.67x avg, vol=4.19x avg (2026-08-31) | Koreksi body=0.54x, vol=0.77x candle breakout (12 candle) | Close -1.44% vs MA5 | MA5>MA20=True, StochK=81.4, StochD=89.4 (bearish cross)"
HOPE,2026-09-16,71.8,16.8,25.0,30.0,0.0,210.0,208.0,241.1,2026-09-03,"Breakout body=3.14x avg, vol=1.71x avg (2026-09-03) | Koreksi body=0.22x, vol=0.42x candle breakout (9 candle) | Close +0.96% vs MA5 | MA5>MA20=False, StochK=5.5, StochD=2.9"
PGEO,2026-09-16,71.6,12.0,19.6,30.0,10.0,1040.0,1033.0,1037.75,2026-09-15,"Breakout body=1.54x avg, vol=2.21x avg (2026-09-15) | Koreksi body=0.80x, vol=0.32x candle breakout (1 candle) | Close +0.68% vs MA5 | MA5>MA20=False, StochK=77.5, StochD=60.1"
BPTR,2026-09-16,71.4,22.1,25.0,22.1,2.2,75.0,75.6,75.65,2026-09-10,"Breakout body=2.22x avg, vol=2.91x avg (2026-09-10) | Koreksi body=0.38x, vol=0.23x candle breakout (4 candle) | Close -0.79% vs MA5 | MA5>MA20=False, StochK=47.6, StochD=53.0 (bearish cross)"
DEFI,2026-09-16,71.3,25.0,13.0,17.2,16.2,119.0,113.8,108.05,2026-09-15,"Breakout body=10.15x avg, vol=14.80x avg (2026-09-15) | Koreksi body=0.59x, vol=0.92x candle breakout (1 candle) | Close +4.57% vs MA5 | MA5>MA20=True, StochK=54.7, StochD=47.8"
MAIN,2026-09-16,71.1,25.0,25.0,21.1,0.0,665.0,671.0,676.25,2026-09-03,"Breakout body=4.80x avg, vol=5.07x avg (2026-09-03) | Koreksi body=0.39x, vol=0.28x candle breakout (9 candle) | Close -0.89% vs MA5 | MA5>MA20=False, StochK=13.6, StochD=23.3 (bearish cross)"
MKAP,2026-09-16,70.4,17.9,12.5,30.0,10.0,1140.0,1127.0,1132.5,2026-09-16,"Breakout body=1.82x avg, vol=2.97x avg (2026-09-16) | Belum ada candle koreksi (baru saja breakout) | Close +1.15% vs MA5 | MA5>MA20=False, StochK=94.7, StochD=64.5"
WOMF,2026-09-16,70.3,25.0,25.0,10.1,10.2,276.0,281.6,280.6,2026-09-11,"Breakout body=3.67x avg, vol=5.75x avg (2026-09-11) | Koreksi body=0.33x, vol=0.17x candle breakout (3 candle) | Close -1.99% vs MA5 | MA5>MA20=True, StochK=31.7, StochD=45.1 (bearish cross)"
OBMD,2026-09-16,70.3,25.0,14.0,11.3,20.0,210.0,198.6,193.9,2026-09-08,"Breakout body=4.42x avg, vol=2.65x avg (2026-09-08) | Koreksi body=0.32x, vol=0.94x candle breakout (6 candle) | Close +5.74% vs MA5 | MA5>MA20=True, StochK=87.1, StochD=80.7"
BMTR,2026-09-16,70.3,24.0,25.0,11.1,10.2,114.0,116.2,115.7,2026-09-10,"Breakout body=2.86x avg, vol=2.40x avg (2026-09-10) | Koreksi body=0.45x, vol=0.39x candle breakout (4 candle) | Close -1.89% vs MA5 | MA5>MA20=True, StochK=31.8, StochD=44.8 (bearish cross)"
MANG,2026-09-16,70.2,25.0,15.2,30.0,0.0,39.0,39.0,39.5,2026-09-04,"Breakout body=3.75x avg, vol=4.34x avg (2026-09-04) | Koreksi body=0.54x, vol=0.86x candle breakout (8 candle) | Close +0.00% vs MA5 | MA5>MA20=False, StochK=18.7, StochD=22.5 (bearish cross)"
HEXA,2026-09-16,69.8,21.6,17.6,17.9,12.7,4400.0,4454.0,4432.5,2026-08-28,"Breakout body=5.50x avg, vol=2.17x avg (2026-08-28) | Koreksi body=0.19x, vol=0.79x candle breakout (13 candle) | Close -1.21% vs MA5 | MA5>MA20=True, StochK=51.9, StochD=65.3 (bearish cross)"
JTPE,2026-09-16,69.7,25.0,19.6,25.0,0.0,600.0,603.0,610.0,2026-09-09,"Breakout body=3.64x avg, vol=5.07x avg (2026-09-09) | Koreksi body=0.80x, vol=0.25x candle breakout (5 candle) | Close -0.50% vs MA5 | MA5>MA20=False, StochK=23.9, StochD=30.7 (bearish cross)"
KAEF,2026-09-16,69.5,25.0,21.7,22.8,0.0,442.0,445.2,446.85,2026-09-07,"Breakout body=5.38x avg, vol=16.37x avg (2026-09-07) | Koreksi body=0.69x, vol=0.06x candle breakout (7 candle) | Close -0.72% vs MA5 | MA5>MA20=False, StochK=21.3, StochD=24.0 (bearish cross)"
AKRA,2026-09-16,69.3,21.3,23.2,11.4,13.5,1475.0,1503.0,1437.25,2026-09-07,"Breakout body=2.14x avg, vol=3.91x avg (2026-09-07) | Koreksi body=0.60x, vol=0.40x candle breakout (7 candle) | Close -1.86% vs MA5 | MA5>MA20=True, StochK=58.2, StochD=68.2 (bearish cross)"
PAMG,2026-09-16,69.2,25.0,25.0,19.2,0.0,55.0,55.6,55.8,2026-09-09,"Breakout body=3.33x avg, vol=7.11x avg (2026-09-09) | Koreksi body=0.30x, vol=0.05x candle breakout (5 candle) | Close -1.08% vs MA5 | MA5>MA20=False, StochK=9.1, StochD=18.2 (bearish cross)"
DMMX,2026-09-16,69.2,14.2,25.0,30.0,0.0,187.0,185.8,188.4,2026-08-27,"Breakout body=1.46x avg, vol=9.24x avg (2026-08-27) | Koreksi body=0.44x, vol=0.02x candle breakout (14 candle) | Close +0.65% vs MA5 | MA5>MA20=False, StochK=12.9, StochD=6.7"
PNGO,2026-09-16,68.8,12.5,12.5,29.2,14.6,3590.0,3514.0,3509.5,2026-09-16,"Breakout body=7.06x avg, vol=1.30x avg (2026-09-16) | Belum ada candle koreksi (baru saja breakout) | Close +2.16% vs MA5 | MA5>MA20=True, StochK=48.4, StochD=45.2"
CHEK,2026-09-16,68.7,17.3,22.9,28.5,0.0,129.0,129.2,133.2,2026-09-07,"Breakout body=1.76x avg, vol=14.44x avg (2026-09-07) | Koreksi body=0.62x, vol=0.03x candle breakout (7 candle) | Close -0.15% vs MA5 | MA5>MA20=False, StochK=16.3, StochD=9.1"
BMBL,2026-09-16,68.5,20.9,3.6,30.0,14.0,31.0,31.0,28.75,2026-09-08,"Breakout body=2.11x avg, vol=3.44x avg (2026-09-08) | Koreksi body=1.00x, vol=1.06x candle breakout (6 candle) | Close +0.00% vs MA5 | MA5>MA20=True, StochK=75.5, StochD=76.4 (bearish cross)"
BCIC,2026-09-16,68.1,25.0,25.0,18.1,0.0,138.0,132.2,132.85,2026-08-28,"Breakout body=3.68x avg, vol=5.71x avg (2026-08-28) | Koreksi body=0.41x, vol=0.07x candle breakout (13 candle) | Close +4.39% vs MA5 | MA5>MA20=False, StochK=21.9, StochD=10.1"
CINT,2026-09-16,67.9,25.0,12.5,19.6,10.8,194.0,186.4,183.8,2026-09-16,"Breakout body=7.59x avg, vol=15.61x avg (2026-09-16) | Belum ada candle koreksi (baru saja breakout) | Close +4.08% vs MA5 | MA5>MA20=True, StochK=33.3, StochD=26.9"
PBRX,2026-09-16,67.5,20.1,25.0,22.4,0.0,26.0,26.2,26.6,2026-09-03,"Breakout body=4.44x avg, vol=2.03x avg (2026-09-03) | Koreksi body=0.17x, vol=0.48x candle breakout (9 candle) | Close -0.76% vs MA5 | MA5>MA20=False, StochK=0.0, StochD=4.0 (bearish cross)"
HELI,2026-09-16,67.2,13.0,22.7,14.7,16.8,216.0,205.6,200.65,2026-09-03,"Breakout body=3.16x avg, vol=1.34x avg (2026-09-03) | Koreksi body=0.56x, vol=0.55x candle breakout (9 candle) | Close +5.06% vs MA5 | MA5>MA20=True, StochK=57.4, StochD=42.8"
BRMS,2026-09-16,67.1,14.8,20.4,27.4,4.6,730.0,712.0,715.25,2026-09-14,"Breakout body=2.29x avg, vol=1.73x avg (2026-09-14) | Koreksi body=0.12x, vol=0.69x candle breakout (2 candle) | Close +2.53% vs MA5 | MA5>MA20=False, StochK=48.5, StochD=31.7"
VRNA,2026-09-16,66.8,25.0,25.0,6.1,10.7,90.0,92.2,85.2,2026-09-03,"Breakout body=14.29x avg, vol=16.99x avg (2026-09-03) | Koreksi body=0.14x, vol=0.30x candle breakout (9 candle) | Close -2.39% vs MA5 | MA5>MA20=True, StochK=35.6, StochD=38.1 (bearish cross)"
PNIN,2026-09-16,66.4,20.1,23.3,23.1,0.0,715.0,720.0,723.0,2026-08-27,"Breakout body=2.86x avg, vol=2.03x avg (2026-08-27) | Koreksi body=0.21x, vol=0.57x candle breakout (14 candle) | Close -0.69% vs MA5 | MA5>MA20=False, StochK=11.8, StochD=19.7 (bearish cross)"
LRNA,2026-09-16,66.2,13.2,11.1,27.9,14.0,220.0,214.8,199.5,2026-08-27,"Breakout body=1.36x avg, vol=3.64x avg (2026-08-27) | Koreksi body=1.26x, vol=0.55x candle breakout (14 candle) | Close +2.42% vs MA5 | MA5>MA20=True, StochK=77.9, StochD=79.4 (bearish cross)"
ESTA,2026-09-16,66.1,8.6,7.5,30.0,20.0,177.0,174.8,173.4,2026-09-03,"Breakout body=1.46x avg, vol=1.96x avg (2026-09-03) | Koreksi body=0.78x, vol=1.13x candle breakout (9 candle) | Close +1.26% vs MA5 | MA5>MA20=True, StochK=78.1, StochD=66.6"
MGRO,2026-09-16,65.9,10.2,20.1,25.6,10.0,680.0,683.0,681.75,2026-08-27,"Breakout body=2.18x avg, vol=1.40x avg (2026-08-27) | Koreksi body=0.18x, vol=0.70x candle breakout (14 candle) | Close -0.44% vs MA5 | MA5>MA20=True, StochK=28.8, StochD=42.5 (bearish cross)"
BRNA,2026-09-16,65.8,5.6,12.6,27.6,20.0,660.0,644.0,620.5,2026-09-08,"Breakout body=1.71x avg, vol=1.43x avg (2026-09-08) | Koreksi body=0.14x, vol=0.99x candle breakout (6 candle) | Close +2.48% vs MA5 | MA5>MA20=True, StochK=95.1, StochD=95.1"
MORA,2026-09-16,65.6,20.3,25.0,20.3,0.0,5100.0,5150.0,5311.25,2026-08-28,"Breakout body=2.05x avg, vol=6.83x avg (2026-08-28) | Koreksi body=0.29x, vol=0.07x candle breakout (13 candle) | Close -0.97% vs MA5 | MA5>MA20=False, StochK=10.5, StochD=13.4 (bearish cross)"
PTSP,2026-09-16,65.6,25.0,12.5,18.0,10.1,1230.0,1245.0,1141.25,2026-09-01,"Breakout body=9.25x avg, vol=5.22x avg (2026-09-01) | Koreksi body=0.28x, vol=1.45x candle breakout (11 candle) | Close -1.20% vs MA5 | MA5>MA20=True, StochK=30.9, StochD=32.1 (bearish cross)"
WIDI,2026-09-16,65.4,11.2,5.9,30.0,18.3,28.0,27.8,26.9,2026-09-08,"Breakout body=1.54x avg, vol=2.14x avg (2026-09-08) | Koreksi body=1.17x, vol=0.79x candle breakout (6 candle) | Close +0.72% vs MA5 | MA5>MA20=True, StochK=63.1, StochD=58.8"
WOOD,2026-09-16,64.5,23.5,25.0,16.1,0.0,198.0,200.8,207.5,2026-09-03,"Breakout body=2.35x avg, vol=2.82x avg (2026-09-03) | Koreksi body=0.33x, vol=0.31x candle breakout (9 candle) | Close -1.39% vs MA5 | MA5>MA20=False, StochK=1.8, StochD=13.1 (bearish cross)"
ADMG,2026-09-16,64.4,25.0,25.0,14.4,0.0,252.0,256.0,261.0,2026-09-02,"Breakout body=2.54x avg, vol=3.02x avg (2026-09-02) | Koreksi body=0.36x, vol=0.46x candle breakout (10 candle) | Close -1.56% vs MA5 | MA5>MA20=False, StochK=5.9, StochD=5.8"
SRAJ,2026-09-16,64.3,23.6,25.0,5.7,10.0,13650.0,13990.0,13857.5,2026-09-11,"Breakout body=6.06x avg, vol=2.37x avg (2026-09-11) | Koreksi body=0.16x, vol=0.33x candle breakout (3 candle) | Close -2.43% vs MA5 | MA5>MA20=True, StochK=25.7, StochD=40.3 (bearish cross)"
EMDE,2026-09-16,64.1,22.1,25.0,17.0,0.0,76.0,77.0,77.5,2026-09-01,"Breakout body=2.50x avg, vol=2.22x avg (2026-09-01) | Koreksi body=0.41x, vol=0.15x candle breakout (11 candle) | Close -1.30% vs MA5 | MA5>MA20=False, StochK=12.9, StochD=16.4 (bearish cross)"
KPIG,2026-09-16,63.9,25.0,25.0,0.0,13.9,72.0,78.6,69.5,2026-09-10,"Breakout body=8.70x avg, vol=10.41x avg (2026-09-10) | Koreksi body=0.15x, vol=0.21x candle breakout (4 candle) | Close -8.40% vs MA5 | MA5>MA20=True, StochK=60.9, StochD=71.5 (bearish cross)"
ERAL,2026-09-16,63.4,13.8,21.0,16.4,12.2,318.0,322.4,313.5,2026-09-02,"Breakout body=1.43x avg, vol=4.03x avg (2026-09-02) | Koreksi body=0.72x, vol=0.49x candle breakout (10 candle) | Close -1.36% vs MA5 | MA5>MA20=True, StochK=47.6, StochD=58.4 (bearish cross)"
BJTM,2026-09-16,63.1,20.9,16.1,26.2,0.0,520.0,522.0,523.75,2026-09-14,"Breakout body=2.86x avg, vol=2.10x avg (2026-09-14) | Koreksi body=1.00x, vol=0.42x candle breakout (2 candle) | Close -0.38% vs MA5 | MA5>MA20=False, StochK=13.1, StochD=12.2"
SMLE,2026-09-16,62.7,16.8,12.5,13.4,20.0,214.0,203.2,182.15,2026-08-31,"Breakout body=2.46x avg, vol=1.76x avg (2026-08-31) | Koreksi body=0.46x, vol=1.12x candle breakout (12 candle) | Close +5.31% vs MA5 | MA5>MA20=True, StochK=91.3, StochD=83.0"
SMBR,2026-09-16,62.5,25.0,25.0,12.5,0.0,168.0,171.0,172.25,2026-09-01,"Breakout body=9.06x avg, vol=13.60x avg (2026-09-01) | Koreksi body=0.10x, vol=0.07x candle breakout (11 candle) | Close -1.75% vs MA5 | MA5>MA20=False, StochK=8.9, StochD=16.1 (bearish cross)"
MBTO,2026-09-16,62.5,25.0,10.0,15.6,11.9,151.0,153.2,134.85,2026-09-08,"Breakout body=6.84x avg, vol=4.73x avg (2026-09-08) | Koreksi body=0.64x, vol=2.20x candle breakout (6 candle) | Close -1.44% vs MA5 | MA5>MA20=True, StochK=45.0, StochD=65.1 (bearish cross)"
SNLK,2026-09-16,62.3,9.7,13.9,18.7,20.0,254.0,243.6,233.0,2026-09-04,"Breakout body=1.58x avg, vol=1.95x avg (2026-09-04) | Koreksi body=0.92x, vol=0.65x candle breakout (8 candle) | Close +4.27% vs MA5 | MA5>MA20=True, StochK=100.0, StochD=80.1"
TARA,2026-09-16,62.1,17.9,23.2,11.0,10.0,31.0,31.6,30.2,2026-09-02,"Breakout body=1.82x avg, vol=4.34x avg (2026-09-02) | Koreksi body=0.60x, vol=0.36x candle breakout (10 candle) | Close -1.90% vs MA5 | MA5>MA20=True, StochK=29.8, StochD=44.4 (bearish cross)"
MMLP,2026-09-16,61.8,3.2,18.3,30.0,10.3,302.0,302.0,301.7,2026-08-27,"Breakout body=1.58x avg, vol=1.33x avg (2026-08-27) | Koreksi body=0.24x, vol=0.77x candle breakout (14 candle) | Close +0.00% vs MA5 | MA5>MA20=True, StochK=32.6, StochD=35.5 (bearish cross)"
BBNI,2026-09-16,61.7,20.6,24.3,16.8,0.0,3730.0,3780.0,3794.0,2026-09-14,"Breakout body=3.02x avg, vol=2.08x avg (2026-09-14) | Koreksi body=0.54x, vol=0.34x candle breakout (2 candle) | Close -1.32% vs MA5 | MA5>MA20=False, StochK=13.1, StochD=13.1"
RAAM,2026-09-16,61.5,16.3,19.6,25.5,0.0,177.0,177.8,185.1,2026-08-31,"Breakout body=1.67x avg, vol=4.54x avg (2026-08-31) | Koreksi body=0.80x, vol=0.42x candle breakout (12 candle) | Close -0.45% vs MA5 | MA5>MA20=False, StochK=27.0, StochD=14.4"
RMKO,2026-09-16,61.5,25.0,25.0,0.0,11.5,320.0,340.4,317.3,2026-08-28,"Breakout body=3.26x avg, vol=6.34x avg (2026-08-28) | Koreksi body=0.27x, vol=0.31x candle breakout (13 candle) | Close -5.99% vs MA5 | MA5>MA20=True, StochK=41.7, StochD=64.7 (bearish cross)"
ELPI,2026-09-16,61.3,25.0,25.0,0.0,11.3,650.0,675.0,674.5,2026-09-09,"Breakout body=5.60x avg, vol=8.89x avg (2026-09-09) | Koreksi body=0.22x, vol=0.13x candle breakout (5 candle) | Close -3.70% vs MA5 | MA5>MA20=True, StochK=40.5, StochD=50.0 (bearish cross)"
KOTA,2026-09-16,60.8,25.0,25.0,0.8,10.0,193.0,198.8,192.25,2026-08-31,"Breakout body=3.98x avg, vol=2.98x avg (2026-08-31) | Koreksi body=0.20x, vol=0.19x candle breakout (12 candle) | Close -2.92% vs MA5 | MA5>MA20=True, StochK=17.4, StochD=30.3 (bearish cross)"
MSKY,2026-09-16,60.4,25.0,25.0,0.0,10.4,68.0,73.6,67.25,2026-09-10,"Breakout body=6.52x avg, vol=15.69x avg (2026-09-10) | Koreksi body=0.20x, vol=0.15x candle breakout (4 candle) | Close -7.61% vs MA5 | MA5>MA20=True, StochK=33.1, StochD=48.3 (bearish cross)"
URBN,2026-09-16,60.3,14.1,12.5,23.7,10.0,228.0,220.8,219.7,2026-09-16,"Breakout body=2.70x avg, vol=1.45x avg (2026-09-16) | Belum ada candle koreksi (baru saja breakout) | Close +3.26% vs MA5 | MA5>MA20=True, StochK=24.5, StochD=10.7"
PKPK,2026-09-16,60.2,25.0,25.0,0.0,10.2,4170.0,4304.0,4000.5,2026-09-04,"Breakout body=8.61x avg, vol=6.97x avg (2026-09-04) | Koreksi body=0.14x, vol=0.30x candle breakout (8 candle) | Close -3.11% vs MA5 | MA5>MA20=True, StochK=31.9, StochD=50.4 (bearish cross)"
KKES,2026-09-16,60.1,25.0,25.0,0.0,10.1,86.0,88.8,82.45,2026-09-01,"Breakout body=7.93x avg, vol=12.64x avg (2026-09-01) | Koreksi body=0.18x, vol=0.37x candle breakout (11 candle) | Close -3.15% vs MA5 | MA5>MA20=True, StochK=30.8, StochD=35.9 (bearish cross)"
SIDO,2026-09-16,60.0,8.0,25.0,26.6,0.4,348.0,349.2,352.0,2026-09-01,"Breakout body=2.00x avg, vol=1.37x avg (2026-09-01) | Koreksi body=0.42x, vol=0.47x candle breakout (11 candle) | Close -0.34% vs MA5 | MA5>MA20=False, StochK=33.1, StochD=36.5 (bearish cross)"
GSMF,2026-09-16,60.0,25.0,25.0,0.0,10.0,102.0,107.8,99.05,2026-09-10,"Breakout body=8.99x avg, vol=8.56x avg (2026-09-10) | Koreksi body=0.31x, vol=0.28x candle breakout (4 candle) | Close -5.38% vs MA5 | MA5>MA20=True, StochK=24.2, StochD=35.1 (bearish cross)"
ISSP,2026-09-16,60.0,25.0,25.0,0.0,10.0,430.0,443.6,437.1,2026-09-03,"Breakout body=3.75x avg, vol=4.40x avg (2026-09-03) | Koreksi body=0.26x, vol=0.34x candle breakout (9 candle) | Close -3.07% vs MA5 | MA5>MA20=True, StochK=22.6, StochD=43.9 (bearish cross)"
SMGR,2026-09-16,60.0,25.0,25.0,0.0,10.0,1585.0,1650.0,1630.0,2026-09-01,"Breakout body=5.26x avg, vol=4.82x avg (2026-09-01) | Koreksi body=0.17x, vol=0.19x candle breakout (11 candle) | Close -3.94% vs MA5 | MA5>MA20=True, StochK=17.5, StochD=34.2 (bearish cross)"
POLU,2026-09-16,59.2,25.0,12.5,11.7,10.0,18000.0,17035.0,16738.75,2026-09-16,"Breakout body=3.97x avg, vol=2.58x avg (2026-09-16) | Belum ada candle koreksi (baru saja breakout) | Close +5.66% vs MA5 | MA5>MA20=True, StochK=14.0, StochD=10.4"
PURA,2026-09-16,59.1,18.6,19.0,11.6,10.0,32.0,32.6,32.1,2026-09-09,"Breakout body=2.22x avg, vol=2.16x avg (2026-09-09) | Koreksi body=0.40x, vol=0.74x candle breakout (5 candle) | Close -1.84% vs MA5 | MA5>MA20=True, StochK=28.4, StochD=44.5 (bearish cross)"
FWCT,2026-09-16,58.7,17.9,24.0,16.8,0.0,90.0,91.2,91.45,2026-09-08,"Breakout body=1.82x avg, vol=4.39x avg (2026-09-08) | Koreksi body=0.56x, vol=0.21x candle breakout (6 candle) | Close -1.32% vs MA5 | MA5>MA20=False, StochK=23.7, StochD=37.9 (bearish cross)"
MNCN,2026-09-16,58.7,21.8,14.9,22.1,0.0,200.0,201.6,202.4,2026-09-07,"Breakout body=6.67x avg, vol=2.19x avg (2026-09-07) | Koreksi body=0.20x, vol=0.90x candle breakout (7 candle) | Close -0.79% vs MA5 | MA5>MA20=False, StochK=19.9, StochD=25.6 (bearish cross)"
MAYA,2026-09-16,58.5,16.9,18.6,22.9,0.0,195.0,196.4,198.45,2026-08-28,"Breakout body=2.67x avg, vol=1.73x avg (2026-08-28) | Koreksi body=0.48x, vol=0.75x candle breakout (13 candle) | Close -0.71% vs MA5 | MA5>MA20=False, StochK=11.7, StochD=13.7 (bearish cross)"
BBCA,2026-09-16,58.2,14.1,25.0,19.1,0.0,6325.0,6395.0,6490.0,2026-09-14,"Breakout body=2.15x avg, vol=1.80x avg (2026-09-14) | Koreksi body=0.36x, vol=0.38x candle breakout (2 candle) | Close -1.09% vs MA5 | MA5>MA20=False, StochK=16.9, StochD=14.4"
BUVA,2026-09-16,58.2,18.7,25.0,14.5,0.0,700.0,711.0,738.0,2026-09-01,"Breakout body=2.64x avg, vol=1.89x avg (2026-09-01) | Koreksi body=0.27x, vol=0.27x candle breakout (11 candle) | Close -1.55% vs MA5 | MA5>MA20=False, StochK=5.0, StochD=13.7 (bearish cross)"
BGTG,2026-09-16,58.0,15.0,7.8,25.0,10.2,120.0,120.6,117.9,2026-08-27,"Breakout body=1.54x avg, vol=3.33x avg (2026-08-27) | Koreksi body=0.76x, vol=1.46x candle breakout (14 candle) | Close -0.50% vs MA5 | MA5>MA20=True, StochK=31.7, StochD=43.6 (bearish cross)"
TPMA,2026-09-16,58.0,13.8,20.0,14.2,10.0,474.0,481.6,474.2,2026-08-27,"Breakout body=3.33x avg, vol=1.43x avg (2026-08-27) | Koreksi body=0.54x, vol=0.67x candle breakout (14 candle) | Close -1.58% vs MA5 | MA5>MA20=True, StochK=13.7, StochD=33.2 (bearish cross)"
MDLA,2026-09-16,58.0,19.3,12.5,26.1,0.0,206.0,206.8,207.7,2026-09-01,"Breakout body=3.08x avg, vol=1.96x avg (2026-09-01) | Koreksi body=0.23x, vol=1.44x candle breakout (11 candle) | Close -0.39% vs MA5 | MA5>MA20=False, StochK=0.0, StochD=15.0 (bearish cross)"
TYRE,2026-09-16,57.9,22.8,12.5,17.5,5.1,111.0,112.4,112.85,2026-09-15,"Breakout body=2.29x avg, vol=2.54x avg (2026-09-15) | Koreksi body=1.75x, vol=0.50x candle breakout (1 candle) | Close -1.25% vs MA5 | MA5>MA20=False, StochK=50.5, StochD=39.5"
RONY,2026-09-16,57.8,5.3,12.5,30.0,10.0,1420.0,1393.0,1345.0,2026-09-16,"Breakout body=1.62x avg, vol=1.49x avg (2026-09-16) | Belum ada candle koreksi (baru saja breakout) | Close +1.94% vs MA5 | MA5>MA20=True, StochK=18.9, StochD=21.1 (bearish cross)"
SHIP,2026-09-16,57.5,7.5,0.0,30.0,20.0,2700.0,2682.0,2436.0,,"Di atas MA20 tapi tanpa breakout impulsif yang jelas | N/A (belum ada breakout) | Close +0.67% vs MA5 | MA5>MA20=True, StochK=75.5, StochD=74.0"
GRPH,2026-09-15,57.5,7.5,0.0,30.0,20.0,137.0,137.0,105.4,,"Di atas MA20 tapi tanpa breakout impulsif yang jelas | N/A (belum ada breakout) | Close +0.00% vs MA5 | MA5>MA20=True, StochK=100.0, StochD=100.0"
SURI,2026-09-16,57.5,7.5,0.0,30.0,20.0,85.0,85.0,82.1,,"Di atas MA20 tapi tanpa breakout impulsif yang jelas | N/A (belum ada breakout) | Close +0.00% vs MA5 | MA5>MA20=True, StochK=86.7, StochD=86.3"
BPFI,2026-09-16,57.5,7.5,0.0,30.0,20.0,252.0,249.6,247.5,,"Di atas MA20 tapi tanpa breakout impulsif yang jelas | N/A (belum ada breakout) | Close +0.96% vs MA5 | MA5>MA20=True, StochK=100.0, StochD=89.2"
ROTI,2026-09-16,57.5,7.5,0.0,30.0,20.0,590.0,586.0,585.0,,"Di atas MA20 tapi tanpa breakout impulsif yang jelas | N/A (belum ada breakout) | Close +0.68% vs MA5 | MA5>MA20=True, StochK=70.1, StochD=60.1"
MMIX,2026-09-16,57.5,7.5,0.0,30.0,20.0,860.0,852.0,805.25,,"Di atas MA20 tapi tanpa breakout impulsif yang jelas | N/A (belum ada breakout) | Close +0.94% vs MA5 | MA5>MA20=True, StochK=100.0, StochD=100.0"
MKTR,2026-09-16,57.5,7.5,0.0,30.0,20.0,124.0,123.0,122.7,,"Di atas MA20 tapi tanpa breakout impulsif yang jelas | N/A (belum ada breakout) | Close +0.81% vs MA5 | MA5>MA20=True, StochK=85.0, StochD=60.1"
HERO,2026-09-16,57.5,7.5,0.0,30.0,20.0,340.0,336.4,335.9,,"Di atas MA20 tapi tanpa breakout impulsif yang jelas | N/A (belum ada breakout) | Close +1.07% vs MA5 | MA5>MA20=True, StochK=70.7, StochD=55.6"
PACK,2026-09-15,57.5,7.5,0.0,30.0,20.0,560.0,560.0,498.4,,"Di atas MA20 tapi tanpa breakout impulsif yang jelas | N/A (belum ada breakout) | Close +0.00% vs MA5 | MA5>MA20=True, StochK=100.0, StochD=100.0"
MERK,2026-09-16,57.5,7.5,0.0,30.0,20.0,3920.0,3916.0,3906.0,,"Di atas MA20 tapi tanpa breakout impulsif yang jelas | N/A (belum ada breakout) | Close +0.10% vs MA5 | MA5>MA20=True, StochK=88.5, StochD=84.6"
PPGL,2026-09-15,57.5,7.5,0.0,30.0,20.0,468.0,468.0,366.4,,"Di atas MA20 tapi tanpa breakout impulsif yang jelas | N/A (belum ada breakout) | Close +0.00% vs MA5 | MA5>MA20=True, StochK=100.0, StochD=100.0"
GLVA,2026-09-16,57.5,7.5,0.0,30.0,20.0,334.0,330.4,320.5,,"Di atas MA20 tapi tanpa breakout impulsif yang jelas | N/A (belum ada breakout) | Close +1.09% vs MA5 | MA5>MA20=True, StochK=100.0, StochD=93.7"
KDSI,2026-09-16,57.5,7.5,0.0,30.0,20.0,468.0,468.0,464.3,,"Di atas MA20 tapi tanpa breakout impulsif yang jelas | N/A (belum ada breakout) | Close +0.00% vs MA5 | MA5>MA20=True, StochK=100.0, StochD=100.0"
IKAI,2026-09-16,57.5,7.5,0.0,30.0,20.0,21.0,20.8,19.8,,"Di atas MA20 tapi tanpa breakout impulsif yang jelas | N/A (belum ada breakout) | Close +0.96% vs MA5 | MA5>MA20=True, StochK=90.4, StochD=83.9"
BSML,2026-09-16,57.5,7.5,0.0,30.0,20.0,550.0,542.0,524.5,,"Di atas MA20 tapi tanpa breakout impulsif yang jelas | N/A (belum ada breakout) | Close +1.48% vs MA5 | MA5>MA20=True, StochK=100.0, StochD=90.2"
LFLO,2026-09-16,57.5,7.5,0.0,30.0,20.0,535.0,526.0,521.5,,"Di atas MA20 tapi tanpa breakout impulsif yang jelas | N/A (belum ada breakout) | Close +1.71% vs MA5 | MA5>MA20=True, StochK=89.4, StochD=68.7"
TSPC,2026-09-16,57.5,7.5,0.0,30.0,20.0,2770.0,2748.0,2744.0,,"Di atas MA20 tapi tanpa breakout impulsif yang jelas | N/A (belum ada breakout) | Close +0.80% vs MA5 | MA5>MA20=True, StochK=81.5, StochD=60.2"
KMDS,2026-09-16,57.5,7.5,0.0,30.0,20.0,525.0,524.0,523.5,,"Di atas MA20 tapi tanpa breakout impulsif yang jelas | N/A (belum ada breakout) | Close +0.19% vs MA5 | MA5>MA20=True, StochK=89.3, StochD=76.3"
IPAC,2026-09-15,57.5,7.5,0.0,30.0,20.0,189.0,188.4,183.35,,"Di atas MA20 tapi tanpa breakout impulsif yang jelas | N/A (belum ada breakout) | Close +0.32% vs MA5 | MA5>MA20=True, StochK=100.0, StochD=94.0"
TOTO,2026-09-16,57.5,7.5,0.0,30.0,20.0,242.0,241.6,237.9,,"Di atas MA20 tapi tanpa breakout impulsif yang jelas | N/A (belum ada breakout) | Close +0.17% vs MA5 | MA5>MA20=True, StochK=86.9, StochD=84.5"
PDPP,2026-09-16,57.4,7.5,0.0,30.0,19.9,338.0,336.0,328.9,,"Di atas MA20 tapi tanpa breakout impulsif yang jelas | N/A (belum ada breakout) | Close +0.60% vs MA5 | MA5>MA20=True, StochK=69.5, StochD=57.7"
VAST,2026-09-16,57.1,25.0,12.5,0.0,19.6,134.0,116.2,114.5,2026-09-16,"Breakout body=8.15x avg, vol=17.33x avg (2026-09-16) | Belum ada candle koreksi (baru saja breakout) | Close +15.32% vs MA5 | MA5>MA20=True, StochK=68.4, StochD=58.5"
SBMA,2026-09-16,56.9,7.5,0.0,30.0,19.4,112.0,110.8,109.25,,"Di atas MA20 tapi tanpa breakout impulsif yang jelas | N/A (belum ada breakout) | Close +1.08% vs MA5 | MA5>MA20=True, StochK=67.8, StochD=62.9"
SWID,2026-09-16,56.8,7.5,0.0,29.3,20.0,124.0,121.4,119.65,,"Di atas MA20 tapi tanpa breakout impulsif yang jelas | N/A (belum ada breakout) | Close +2.14% vs MA5 | MA5>MA20=True, StochK=91.0, StochD=62.0"
BOGA,2026-09-16,56.6,12.7,19.0,24.9,0.0,1560.0,1568.0,1596.5,2026-09-09,"Breakout body=1.32x avg, vol=3.01x avg (2026-09-09) | Koreksi body=0.83x, vol=0.12x candle breakout (5 candle) | Close -0.51% vs MA5 | MA5>MA20=False, StochK=8.4, StochD=6.2"
JARR,2026-09-16,56.5,7.5,0.0,29.0,20.0,3890.0,3806.0,3316.0,,"Di atas MA20 tapi tanpa breakout impulsif yang jelas | N/A (belum ada breakout) | Close +2.21% vs MA5 | MA5>MA20=True, StochK=81.2, StochD=71.2"
SMSM,2026-09-16,56.4,7.4,19.9,19.0,10.0,1715.0,1734.0,1732.5,2026-09-07,"Breakout body=1.48x avg, vol=1.83x avg (2026-09-07) | Koreksi body=0.79x, vol=0.35x candle breakout (7 candle) | Close -1.10% vs MA5 | MA5>MA20=True, StochK=21.8, StochD=38.3 (bearish cross)"
POLA,2026-09-16,56.3,25.0,16.7,0.4,14.3,72.0,74.2,61.15,2026-09-08,"Breakout body=8.95x avg, vol=11.65x avg (2026-09-08) | Koreksi body=0.25x, vol=0.83x candle breakout (6 candle) | Close -2.96% vs MA5 | MA5>MA20=True, StochK=64.7, StochD=68.0 (bearish cross)"
GHON,2026-09-16,56.2,7.5,0.0,30.0,18.7,1685.0,1681.0,1646.5,,"Di atas MA20 tapi tanpa breakout impulsif yang jelas | N/A (belum ada breakout) | Close +0.24% vs MA5 | MA5>MA20=True, StochK=64.9, StochD=62.3"
BELL,2026-09-16,56.1,22.1,22.3,11.7,0.0,107.0,109.0,113.15,2026-09-09,"Breakout body=2.22x avg, vol=9.88x avg (2026-09-09) | Koreksi body=0.65x, vol=0.25x candle breakout (5 candle) | Close -1.83% vs MA5 | MA5>MA20=False, StochK=6.1, StochD=3.6"
ADMF,2026-09-16,56.0,7.5,0.0,30.0,18.5,8750.0,8710.0,8708.75,,"Di atas MA20 tapi tanpa breakout impulsif yang jelas | N/A (belum ada breakout) | Close +0.46% vs MA5 | MA5>MA20=True, StochK=64.1, StochD=32.0"
MEDS,2026-09-16,55.7,25.0,20.7,0.0,10.0,81.0,84.0,78.8,2026-09-07,"Breakout body=3.33x avg, vol=14.39x avg (2026-09-07) | Koreksi body=0.74x, vol=0.27x candle breakout (7 candle) | Close -3.57% vs MA5 | MA5>MA20=True, StochK=25.0, StochD=32.3 (bearish cross)"
RUIS,2026-09-16,55.5,24.1,20.8,10.6,0.0,202.0,206.0,206.9,2026-09-01,"Breakout body=2.41x avg, vol=4.23x avg (2026-09-01) | Koreksi body=0.40x, vol=0.67x candle breakout (11 candle) | Close -1.94% vs MA5 | MA5>MA20=False, StochK=7.2, StochD=28.6 (bearish cross)"
APLI,2026-09-16,54.9,7.5,0.0,27.4,20.0,292.0,284.8,276.2,,"Di atas MA20 tapi tanpa breakout impulsif yang jelas | N/A (belum ada breakout) | Close +2.53% vs MA5 | MA5>MA20=True, StochK=79.1, StochD=57.2"
AMMS,2026-09-16,54.9,20.9,23.6,0.0,10.5,206.0,219.2,210.75,2026-08-27,"Breakout body=2.11x avg, vol=3.01x avg (2026-08-27) | Koreksi body=0.58x, vol=0.26x candle breakout (14 candle) | Close -6.02% vs MA5 | MA5>MA20=True, StochK=33.6, StochD=54.7 (bearish cross)"
DEWI,2026-09-16,54.8,7.5,0.0,27.3,20.0,170.0,165.8,155.65,,"Di atas MA20 tapi tanpa breakout impulsif yang jelas | N/A (belum ada breakout) | Close +2.53% vs MA5 | MA5>MA20=True, StochK=100.0, StochD=95.5"
JIHD,2026-09-16,54.6,25.0,25.0,4.6,0.0,430.0,441.2,444.8,2026-08-28,"Breakout body=3.03x avg, vol=3.75x avg (2026-08-28) | Koreksi body=0.34x, vol=0.45x candle breakout (13 candle) | Close -2.54% vs MA5 | MA5>MA20=False, StochK=14.0, StochD=34.9 (bearish cross)"
RBMS,2026-09-16,54.5,3.7,19.2,26.8,4.9,62.0,62.2,62.65,2026-09-08,"Breakout body=1.60x avg, vol=1.35x avg (2026-09-08) | Koreksi body=0.58x, vol=0.67x candle breakout (6 candle) | Close -0.32% vs MA5 | MA5>MA20=False, StochK=49.6, StochD=48.5"
HEAL,2026-09-16,54.5,7.5,0.0,27.0,20.0,675.0,677.0,674.5,,"Di atas MA20 tapi tanpa breakout impulsif yang jelas | N/A (belum ada breakout) | Close -0.30% vs MA5 | MA5>MA20=True, StochK=81.8, StochD=81.0"
BAUT,2026-09-16,54.5,7.5,0.0,29.8,17.2,40.0,39.2,37.85,,"Di atas MA20 tapi tanpa breakout impulsif yang jelas | N/A (belum ada breakout) | Close +2.04% vs MA5 | MA5>MA20=True, StochK=59.0, StochD=55.0"
SCNP,2026-09-16,54.3,7.5,0.0,30.0,16.8,156.0,155.0,153.6,,"Di atas MA20 tapi tanpa breakout impulsif yang jelas | N/A (belum ada breakout) | Close +0.65% vs MA5 | MA5>MA20=True, StochK=57.3, StochD=47.7"
SHID,2026-09-16,54.0,25.0,14.9,0.0,14.1,760.0,789.0,643.75,2026-09-07,"Breakout body=6.75x avg, vol=9.70x avg (2026-09-07) | Koreksi body=0.39x, vol=0.90x candle breakout (7 candle) | Close -3.68% vs MA5 | MA5>MA20=True, StochK=63.1, StochD=68.9 (bearish cross)"
HAJJ,2026-09-16,53.8,8.9,8.1,21.1,15.7,111.0,112.0,111.9,2026-09-15,"Breakout body=2.03x avg, vol=1.42x avg (2026-09-15) | Koreksi body=0.83x, vol=0.94x candle breakout (1 candle) | Close -0.89% vs MA5 | MA5>MA20=True, StochK=52.7, StochD=52.5"
GDYR,2026-09-16,53.8,7.5,0.0,28.2,18.1,1125.0,1127.0,1119.75,,"Di atas MA20 tapi tanpa breakout impulsif yang jelas | N/A (belum ada breakout) | Close -0.18% vs MA5 | MA5>MA20=True, StochK=62.2, StochD=61.0"
ASHA,2026-09-16,53.7,16.3,21.4,15.9,0.0,56.0,56.8,57.9,2026-09-09,"Breakout body=1.67x avg, vol=2.93x avg (2026-09-09) | Koreksi body=0.70x, vol=0.29x candle breakout (5 candle) | Close -1.41% vs MA5 | MA5>MA20=False, StochK=18.6, StochD=29.8 (bearish cross)"
BHIT,2026-09-16,53.4,17.6,25.0,0.0,10.8,25.0,26.0,25.5,2026-08-31,"Breakout body=2.22x avg, vol=2.06x avg (2026-08-31) | Koreksi body=0.42x, vol=0.49x candle breakout (12 candle) | Close -3.85% vs MA5 | MA5>MA20=True, StochK=36.4, StochD=56.7 (bearish cross)"
MBMA,2026-09-16,53.2,18.2,25.0,10.0,0.0,500.0,510.2,535.3,2026-09-08,"Breakout body=1.85x avg, vol=3.20x avg (2026-09-08) | Koreksi body=0.32x, vol=0.31x candle breakout (6 candle) | Close -2.00% vs MA5 | MA5>MA20=False, StochK=2.7, StochD=8.7 (bearish cross)"
PANI,2026-09-16,53.1,25.0,25.0,3.1,0.0,5425.0,5575.0,5857.5,2026-09-03,"Breakout body=3.56x avg, vol=3.92x avg (2026-09-03) | Koreksi body=0.27x, vol=0.27x candle breakout (9 candle) | Close -2.69% vs MA5 | MA5>MA20=False, StochK=0.0, StochD=2.0 (bearish cross)"
IDEA,2026-09-16,53.0,25.0,8.0,0.0,20.0,102.0,85.8,67.65,2026-09-08,"Breakout body=3.64x avg, vol=2.86x avg (2026-09-08) | Koreksi body=0.75x, vol=2.80x candle breakout (6 candle) | Close +18.88% vs MA5 | MA5>MA20=True, StochK=100.0, StochD=100.0"
TRON,2026-09-16,53.0,11.1,12.5,21.2,8.2,105.0,101.2,101.3,2026-09-16,"Breakout body=1.95x avg, vol=1.72x avg (2026-09-16) | Belum ada candle koreksi (baru saja breakout) | Close +3.75% vs MA5 | MA5>MA20=False, StochK=62.6, StochD=53.9"
TLDN,2026-09-16,52.9,6.3,16.3,20.3,10.0,615.0,621.0,602.75,2026-08-27,"Breakout body=1.82x avg, vol=1.38x avg (2026-08-27) | Koreksi body=0.48x, vol=0.85x candle breakout (14 candle) | Close -0.97% vs MA5 | MA5>MA20=True, StochK=15.1, StochD=27.0 (bearish cross)"
RDTX,2026-09-15,52.8,25.0,12.5,15.3,0.0,13100.0,13295.0,13496.25,2026-09-04,"Breakout body=5.90x avg, vol=4.04x avg (2026-09-04) | Koreksi body=0.22x, vol=6.38x candle breakout (7 candle) | Close -1.47% vs MA5 | MA5>MA20=False, StochK=20.1, StochD=37.2 (bearish cross)"
APII,2026-09-16,52.8,7.5,0.0,30.0,15.3,195.0,191.6,191.2,,"Di atas MA20 tapi tanpa breakout impulsif yang jelas | N/A (belum ada breakout) | Close +1.77% vs MA5 | MA5>MA20=True, StochK=51.1, StochD=40.9"
MDKA,2026-09-16,52.7,25.0,25.0,2.7,0.0,2850.0,2930.0,2955.0,2026-09-08,"Breakout body=4.24x avg, vol=2.68x avg (2026-09-08) | Koreksi body=0.26x, vol=0.38x candle breakout (6 candle) | Close -2.73% vs MA5 | MA5>MA20=False, StochK=4.3, StochD=22.2 (bearish cross)"
PTPP,2026-09-16,52.6,19.3,24.3,8.9,0.0,195.0,199.2,205.0,2026-09-01,"Breakout body=2.37x avg, vol=2.09x avg (2026-09-01) | Koreksi body=0.24x, vol=0.53x candle breakout (11 candle) | Close -2.11% vs MA5 | MA5>MA20=False, StochK=8.6, StochD=11.0 (bearish cross)"
YELO,2026-09-16,52.5,25.0,25.0,2.5,0.0,92.0,94.6,96.05,2026-08-31,"Breakout body=3.13x avg, vol=5.43x avg (2026-08-31) | Koreksi body=0.22x, vol=0.16x candle breakout (12 candle) | Close -2.75% vs MA5 | MA5>MA20=False, StochK=10.6, StochD=22.4 (bearish cross)"
AADI,2026-09-16,52.4,7.5,0.0,30.0,14.9,12400.0,12280.0,11105.0,,"Di atas MA20 tapi tanpa breakout impulsif yang jelas | N/A (belum ada breakout) | Close +0.98% vs MA5 | MA5>MA20=True, StochK=69.4, StochD=69.7 (bearish cross)"
MINE,2026-09-16,52.4,7.5,0.0,24.9,20.0,300.0,291.2,262.9,,"Di atas MA20 tapi tanpa breakout impulsif yang jelas | N/A (belum ada breakout) | Close +3.02% vs MA5 | MA5>MA20=True, StochK=86.0, StochD=81.2"
DMND,2026-09-16,52.2,12.9,12.5,26.7,0.0,610.0,612.0,616.5,2026-08-27,"Breakout body=2.38x avg, vol=1.46x avg (2026-08-27) | Koreksi body=0.23x, vol=2.37x candle breakout (14 candle) | Close -0.33% vs MA5 | MA5>MA20=False, StochK=23.6, StochD=34.9 (bearish cross)"
BKSW,2026-09-16,52.1,7.5,0.0,30.0,14.6,54.0,54.0,53.45,,"Di atas MA20 tapi tanpa breakout impulsif yang jelas | N/A (belum ada breakout) | Close +0.00% vs MA5 | MA5>MA20=True, StochK=48.6, StochD=48.6"
PSSI,2026-09-16,52.1,7.5,0.0,30.0,14.6,358.0,356.8,341.5,,"Di atas MA20 tapi tanpa breakout impulsif yang jelas | N/A (belum ada breakout) | Close +0.34% vs MA5 | MA5>MA20=True, StochK=66.6, StochD=74.4 (bearish cross)"
AMMN,2026-09-16,51.9,7.5,0.0,24.4,20.0,5150.0,4994.0,4579.0,,"Di atas MA20 tapi tanpa breakout impulsif yang jelas | N/A (belum ada breakout) | Close +3.12% vs MA5 | MA5>MA20=True, StochK=95.7, StochD=90.5"
SOFA,2026-09-16,51.9,7.5,0.0,30.0,14.4,358.0,353.6,344.2,,"Di atas MA20 tapi tanpa breakout impulsif yang jelas | N/A (belum ada breakout) | Close +1.24% vs MA5 | MA5>MA20=True, StochK=47.8, StochD=40.2"
NASA,2026-09-16,51.7,9.8,6.1,22.8,13.0,36.0,34.8,31.5,2026-09-07,"Breakout body=1.54x avg, vol=2.00x avg (2026-09-07) | Koreksi body=0.86x, vol=3.14x candle breakout (7 candle) | Close +3.45% vs MA5 | MA5>MA20=True, StochK=53.8, StochD=56.5 (bearish cross)"
ICON,2026-09-16,51.7,7.5,0.0,30.0,14.2,146.0,144.0,137.5,,"Di atas MA20 tapi tanpa breakout impulsif yang jelas | N/A (belum ada breakout) | Close +1.39% vs MA5 | MA5>MA20=True, StochK=46.6, StochD=45.5"
WAPO,2026-09-16,51.5,7.5,0.0,30.0,14.0,191.0,189.6,168.0,,"Di atas MA20 tapi tanpa breakout impulsif yang jelas | N/A (belum ada breakout) | Close +0.74% vs MA5 | MA5>MA20=True, StochK=73.0, StochD=90.4 (bearish cross)"
CMNT,2026-09-16,51.5,7.5,0.0,30.0,14.0,765.0,760.0,754.75,,"Di atas MA20 tapi tanpa breakout impulsif yang jelas | N/A (belum ada breakout) | Close +0.66% vs MA5 | MA5>MA20=True, StochK=88.7, StochD=93.0 (bearish cross)"
ASPI,2026-09-16,51.5,7.5,0.0,30.0,14.0,510.0,507.4,436.8,,"Di atas MA20 tapi tanpa breakout impulsif yang jelas | N/A (belum ada breakout) | Close +0.51% vs MA5 | MA5>MA20=True, StochK=80.9, StochD=83.0 (bearish cross)"
TAXI,2026-09-16,51.5,7.5,0.0,30.0,14.0,15.0,15.0,14.0,,"Di atas MA20 tapi tanpa breakout impulsif yang jelas | N/A (belum ada breakout) | Close +0.00% vs MA5 | MA5>MA20=True, StochK=74.1, StochD=87.1 (bearish cross)"
LPGI,2026-09-16,51.5,7.5,0.0,30.0,14.0,645.0,645.0,639.75,,"Di atas MA20 tapi tanpa breakout impulsif yang jelas | N/A (belum ada breakout) | Close +0.00% vs MA5 | MA5>MA20=True, StochK=100.0, StochD=100.0 (bearish cross)"
RSCH,2026-09-16,51.5,7.5,0.0,30.0,14.0,430.0,429.6,377.5,,"Di atas MA20 tapi tanpa breakout impulsif yang jelas | N/A (belum ada breakout) | Close +0.09% vs MA5 | MA5>MA20=True, StochK=78.3, StochD=79.4 (bearish cross)"
PORT,2026-09-16,51.5,7.5,0.0,30.0,14.0,960.0,951.0,918.25,,"Di atas MA20 tapi tanpa breakout impulsif yang jelas | N/A (belum ada breakout) | Close +0.95% vs MA5 | MA5>MA20=True, StochK=96.3, StochD=96.5 (bearish cross)"
RELI,2026-09-16,51.4,7.5,0.0,30.0,13.9,560.0,554.0,540.5,,"Di atas MA20 tapi tanpa breakout impulsif yang jelas | N/A (belum ada breakout) | Close +1.08% vs MA5 | MA5>MA20=True, StochK=61.1, StochD=70.2 (bearish cross)"
ASRM,2026-09-16,51.0,7.5,0.0,30.0,13.5,290.0,287.6,279.8,,"Di atas MA20 tapi tanpa breakout impulsif yang jelas | N/A (belum ada breakout) | Close +0.83% vs MA5 | MA5>MA20=True, StochK=58.1, StochD=60.4 (bearish cross)"
MEDC,2026-09-16,50.9,7.5,0.0,29.4,14.0,1565.0,1566.0,1468.25,,"Di atas MA20 tapi tanpa breakout impulsif yang jelas | N/A (belum ada breakout) | Close -0.06% vs MA5 | MA5>MA20=True, StochK=82.7, StochD=85.9 (bearish cross)"
TOOL,2026-09-16,50.9,7.5,0.0,30.0,13.4,71.0,70.8,68.7,,"Di atas MA20 tapi tanpa breakout impulsif yang jelas | N/A (belum ada breakout) | Close +0.28% vs MA5 | MA5>MA20=True, StochK=43.6, StochD=37.8"
JECC,2026-09-16,50.6,7.5,0.0,29.1,14.0,890.0,871.0,700.5,,"Di atas MA20 tapi tanpa breakout impulsif yang jelas | N/A (belum ada breakout) | Close +2.18% vs MA5 | MA5>MA20=True, StochK=80.6, StochD=87.9 (bearish cross)"
TRIM,2026-09-16,50.5,7.5,0.0,23.0,20.0,790.0,764.0,679.5,,"Di atas MA20 tapi tanpa breakout impulsif yang jelas | N/A (belum ada breakout) | Close +3.40% vs MA5 | MA5>MA20=True, StochK=71.0, StochD=68.0"
LSIP,2026-09-16,50.5,7.5,0.0,30.0,13.0,1710.0,1697.0,1585.5,,"Di atas MA20 tapi tanpa breakout impulsif yang jelas | N/A (belum ada breakout) | Close +0.77% vs MA5 | MA5>MA20=True, StochK=54.0, StochD=60.7 (bearish cross)"
HDFA,2026-09-16,50.5,7.5,0.0,30.0,13.0,101.0,101.0,100.8,,"Di atas MA20 tapi tanpa breakout impulsif yang jelas | N/A (belum ada breakout) | Close +0.00% vs MA5 | MA5>MA20=True, StochK=41.9, StochD=30.2"
SMDR,2026-09-16,50.5,7.5,0.0,29.0,14.0,390.0,390.4,344.9,,"Di atas MA20 tapi tanpa breakout impulsif yang jelas | N/A (belum ada breakout) | Close -0.10% vs MA5 | MA5>MA20=True, StochK=84.6, StochD=92.3 (bearish cross)"
PRDA,2026-09-16,50.5,7.5,0.0,30.0,13.0,2820.0,2812.0,2682.5,,"Di atas MA20 tapi tanpa breakout impulsif yang jelas | N/A (belum ada breakout) | Close +0.28% vs MA5 | MA5>MA20=True, StochK=53.8, StochD=59.9 (bearish cross)"
PANS,2026-09-16,50.5,7.5,0.0,30.0,13.0,1650.0,1646.0,1606.25,,"Di atas MA20 tapi tanpa breakout impulsif yang jelas | N/A (belum ada breakout) | Close +0.24% vs MA5 | MA5>MA20=True, StochK=54.4, StochD=58.9 (bearish cross)"
INCI,2026-09-16,50.4,7.5,0.0,30.0,12.9,815.0,801.0,745.5,,"Di atas MA20 tapi tanpa breakout impulsif yang jelas | N/A (belum ada breakout) | Close +1.75% vs MA5 | MA5>MA20=True, StochK=53.4, StochD=58.5 (bearish cross)"
CFIN,2026-09-16,50.4,7.5,0.0,30.0,12.9,374.0,371.6,363.5,,"Di atas MA20 tapi tanpa breakout impulsif yang jelas | N/A (belum ada breakout) | Close +0.65% vs MA5 | MA5>MA20=True, StochK=41.5, StochD=39.5"
HBAT,2026-09-16,50.4,7.5,0.0,28.9,14.0,350.0,342.4,285.2,,"Di atas MA20 tapi tanpa breakout impulsif yang jelas | N/A (belum ada breakout) | Close +2.22% vs MA5 | MA5>MA20=True, StochK=96.9, StochD=98.2 (bearish cross)"
KKGI,2026-09-16,50.3,4.4,0.0,30.0,15.9,306.0,306.0,295.7,2026-08-31,"Breakout body=1.33x avg, vol=1.69x avg (2026-08-31) | Koreksi body=1.33x, vol=1.50x candle breakout (12 candle) | Close +0.00% vs MA5 | MA5>MA20=True, StochK=53.8, StochD=51.5"
BESS,2026-09-16,50.1,7.5,0.0,30.0,12.6,920.0,913.0,908.75,,"Di atas MA20 tapi tanpa breakout impulsif yang jelas | N/A (belum ada breakout) | Close +0.77% vs MA5 | MA5>MA20=True, StochK=50.5, StochD=54.5 (bearish cross)"
TRST,2026-09-16,50.1,7.5,0.0,30.0,12.6,474.0,466.8,464.6,,"Di atas MA20 tapi tanpa breakout impulsif yang jelas | N/A (belum ada breakout) | Close +1.54% vs MA5 | MA5>MA20=True, StochK=40.5, StochD=31.0"
BBMD,2026-09-15,50.0,7.5,0.0,28.5,14.0,1995.0,1998.0,1985.75,,"Di atas MA20 tapi tanpa breakout impulsif yang jelas | N/A (belum ada breakout) | Close -0.15% vs MA5 | MA5>MA20=True, StochK=72.8, StochD=73.3 (bearish cross)"
DATA,2026-09-16,50.0,25.0,25.0,0.0,0.0,1655.0,1714.0,1826.25,2026-09-04,"Breakout body=2.88x avg, vol=3.64x avg (2026-09-04) | Koreksi body=0.46x, vol=0.35x candle breakout (8 candle) | Close -3.44% vs MA5 | MA5>MA20=False, StochK=0.0, StochD=5.5 (bearish cross)"
ESSA,2026-09-16,50.0,25.0,25.0,0.0,0.0,605.0,642.0,654.75,2026-08-31,"Breakout body=2.86x avg, vol=3.64x avg (2026-08-31) | Koreksi body=0.36x, vol=0.33x candle breakout (12 candle) | Close -5.76% vs MA5 | MA5>MA20=False, StochK=6.1, StochD=16.8 (bearish cross)"
FILM,2026-09-16,50.0,25.0,25.0,0.0,0.0,680.0,765.0,813.25,2026-09-04,"Breakout body=2.62x avg, vol=2.62x avg (2026-09-04) | Koreksi body=0.34x, vol=0.37x candle breakout (8 candle) | Close -11.11% vs MA5 | MA5>MA20=False, StochK=24.0, StochD=42.5 (bearish cross)"
SSTM,2026-09-16,50.0,25.0,25.0,0.0,0.0,430.0,453.6,453.85,2026-08-28,"Breakout body=9.83x avg, vol=6.74x avg (2026-08-28) | Koreksi body=0.13x, vol=0.31x candle breakout (13 candle) | Close -5.20% vs MA5 | MA5>MA20=False, StochK=17.3, StochD=31.5 (bearish cross)"
NIRO,2026-09-16,49.9,7.5,0.0,28.9,13.5,181.0,181.2,169.35,,"Di atas MA20 tapi tanpa breakout impulsif yang jelas | N/A (belum ada breakout) | Close -0.11% vs MA5 | MA5>MA20=True, StochK=57.7, StochD=61.3 (bearish cross)"
KINO,2026-09-16,49.8,7.5,0.0,30.0,12.3,1405.0,1390.0,1361.5,,"Di atas MA20 tapi tanpa breakout impulsif yang jelas | N/A (belum ada breakout) | Close +1.08% vs MA5 | MA5>MA20=True, StochK=39.4, StochD=31.3"
LPIN,2026-09-16,49.7,7.5,0.0,30.0,12.2,432.0,430.8,428.0,,"Di atas MA20 tapi tanpa breakout impulsif yang jelas | N/A (belum ada breakout) | Close +0.28% vs MA5 | MA5>MA20=True, StochK=38.8, StochD=32.6"
GTRA,2026-09-16,49.7,25.0,24.7,0.0,0.0,236.0,244.4,245.2,2026-09-01,"Breakout body=4.00x avg, vol=9.55x avg (2026-09-01) | Koreksi body=0.52x, vol=0.26x candle breakout (11 candle) | Close -3.44% vs MA5 | MA5>MA20=False, StochK=14.7, StochD=23.7 (bearish cross)"
SQMI,2026-09-16,49.6,25.0,14.6,0.0,10.0,87.0,94.4,82.75,2026-09-01,"Breakout body=8.00x avg, vol=10.18x avg (2026-09-01) | Koreksi body=0.27x, vol=0.92x candle breakout (11 candle) | Close -7.84% vs MA5 | MA5>MA20=True, StochK=23.5, StochD=36.7 (bearish cross)"
PGAS,2026-09-16,49.6,5.4,17.0,25.4,1.8,1520.0,1527.0,1530.5,2026-09-14,"Breakout body=1.79x avg, vol=1.33x avg (2026-09-14) | Koreksi body=0.50x, vol=0.82x candle breakout (2 candle) | Close -0.46% vs MA5 | MA5>MA20=False, StochK=37.2, StochD=34.8"
VICO,2026-09-16,48.5,7.5,0.0,30.0,11.0,171.0,169.8,155.35,,"Di atas MA20 tapi tanpa breakout impulsif yang jelas | N/A (belum ada breakout) | Close +0.71% vs MA5 | MA5>MA20=True, StochK=37.8, StochD=46.9 (bearish cross)"
UFOE,2026-09-16,48.4,7.5,0.0,29.0,11.9,149.0,145.8,145.15,,"Di atas MA20 tapi tanpa breakout impulsif yang jelas | N/A (belum ada breakout) | Close +2.19% vs MA5 | MA5>MA20=True, StochK=37.5, StochD=20.9"
SDMU,2026-09-16,48.2,7.5,0.0,30.0,10.7,91.0,90.8,89.9,,"Di atas MA20 tapi tanpa breakout impulsif yang jelas | N/A (belum ada breakout) | Close +0.22% vs MA5 | MA5>MA20=True, StochK=35.9, StochD=38.0 (bearish cross)"
SRSN,2026-09-16,48.1,7.5,0.0,30.0,10.6,101.0,100.0,90.5,,"Di atas MA20 tapi tanpa breakout impulsif yang jelas | N/A (belum ada breakout) | Close +1.00% vs MA5 | MA5>MA20=True, StochK=35.2, StochD=42.4 (bearish cross)"
EPMT,2026-09-16,48.1,7.5,0.0,20.6,20.0,2630.0,2532.0,2432.5,,"Di atas MA20 tapi tanpa breakout impulsif yang jelas | N/A (belum ada breakout) | Close +3.87% vs MA5 | MA5>MA20=True, StochK=81.8, StochD=70.7"
AEGS,2026-09-16,48.1,7.5,0.0,30.0,10.6,51.0,50.0,47.05,,"Di atas MA20 tapi tanpa breakout impulsif yang jelas | N/A (belum ada breakout) | Close +2.00% vs MA5 | MA5>MA20=True, StochK=34.4, StochD=34.6 (bearish cross)"
AMOR,2026-09-16,48.1,7.5,0.0,30.0,10.6,370.0,368.8,362.4,,"Di atas MA20 tapi tanpa breakout impulsif yang jelas | N/A (belum ada breakout) | Close +0.33% vs MA5 | MA5>MA20=True, StochK=35.1, StochD=37.8 (bearish cross)"
GGRM,2026-09-16,47.8,22.8,25.0,0.0,0.0,17750.0,18700.0,19767.5,2026-08-31,"Breakout body=2.95x avg, vol=2.29x avg (2026-08-31) | Koreksi body=0.25x, vol=0.23x candle breakout (12 candle) | Close -5.08% vs MA5 | MA5>MA20=False, StochK=0.0, StochD=0.0"
UNIC,2026-09-16,47.7,7.5,0.0,30.0,10.2,15200.0,15050.0,15046.25,,"Di atas MA20 tapi tanpa breakout impulsif yang jelas | N/A (belum ada breakout) | Close +1.00% vs MA5 | MA5>MA20=True, StochK=30.9, StochD=16.2"
JPFA,2026-09-16,47.7,7.5,0.0,30.0,10.2,2300.0,2282.0,2260.5,,"Di atas MA20 tapi tanpa breakout impulsif yang jelas | N/A (belum ada breakout) | Close +0.79% vs MA5 | MA5>MA20=True, StochK=31.3, StochD=33.4 (bearish cross)"
MSJA,2026-09-16,47.5,7.5,0.0,26.8,13.2,855.0,833.0,566.6,,"Di atas MA20 tapi tanpa breakout impulsif yang jelas | N/A (belum ada breakout) | Close +2.64% vs MA5 | MA5>MA20=True, StochK=55.7, StochD=63.0 (bearish cross)"
ERAA,2026-09-16,47.5,7.5,0.0,30.0,10.0,595.0,593.0,538.75,,"Di atas MA20 tapi tanpa breakout impulsif yang jelas | N/A (belum ada breakout) | Close +0.34% vs MA5 | MA5>MA20=True, StochK=7.5, StochD=14.1 (bearish cross)"
ITMG,2026-09-16,47.5,7.5,0.0,30.0,10.0,26225.0,26150.0,25933.75,,"Di atas MA20 tapi tanpa breakout impulsif yang jelas | N/A (belum ada breakout) | Close +0.29% vs MA5 | MA5>MA20=True, StochK=12.6, StochD=13.5 (bearish cross)"
JAWA,2026-09-16,47.5,7.5,0.0,30.0,10.0,154.0,153.0,141.4,,"Di atas MA20 tapi tanpa breakout impulsif yang jelas | N/A (belum ada breakout) | Close +0.65% vs MA5 | MA5>MA20=True, StochK=25.6, StochD=28.9 (bearish cross)"
ARNA,2026-09-16,47.5,7.5,0.0,30.0,10.0,510.0,509.0,502.0,,"Di atas MA20 tapi tanpa breakout impulsif yang jelas | N/A (belum ada breakout) | Close +0.20% vs MA5 | MA5>MA20=True, StochK=13.5, StochD=27.9 (bearish cross)"
ARII,2026-09-16,47.5,7.5,0.0,30.0,10.0,304.0,300.8,298.1,,"Di atas MA20 tapi tanpa breakout impulsif yang jelas | N/A (belum ada breakout) | Close +1.06% vs MA5 | MA5>MA20=True, StochK=14.7, StochD=7.9"
BBRI,2026-09-16,47.5,7.5,0.0,30.0,10.0,3330.0,3328.0,3293.0,,"Di atas MA20 tapi tanpa breakout impulsif yang jelas | N/A (belum ada breakout) | Close +0.06% vs MA5 | MA5>MA20=True, StochK=22.2, StochD=20.2"
TOSK,2026-09-16,47.5,7.5,0.0,30.0,10.0,84.0,83.2,78.0,,"Di atas MA20 tapi tanpa breakout impulsif yang jelas | N/A (belum ada breakout) | Close +0.96% vs MA5 | MA5>MA20=True, StochK=20.8, StochD=21.4 (bearish cross)"
CEKA,2026-09-16,47.5,7.5,0.0,30.0,10.0,2210.0,2194.0,2193.0,,"Di atas MA20 tapi tanpa breakout impulsif yang jelas | N/A (belum ada breakout) | Close +0.73% vs MA5 | MA5>MA20=True, StochK=24.0, StochD=41.3 (bearish cross)"
SDPC,2026-09-16,47.5,7.5,0.0,30.0,10.0,197.0,197.0,196.4,,"Di atas MA20 tapi tanpa breakout impulsif yang jelas | N/A (belum ada breakout) | Close +0.00% vs MA5 | MA5>MA20=True, StochK=5.8, StochD=3.4"
PRIM,2026-09-16,47.5,7.5,0.0,30.0,10.0,121.0,119.4,118.65,,"Di atas MA20 tapi tanpa breakout impulsif yang jelas | N/A (belum ada breakout) | Close +1.34% vs MA5 | MA5>MA20=True, StochK=29.5, StochD=23.1"
MPOW,2026-09-16,47.5,7.5,0.0,30.0,10.0,114.0,113.4,113.0,,"Di atas MA20 tapi tanpa breakout impulsif yang jelas | N/A (belum ada breakout) | Close +0.53% vs MA5 | MA5>MA20=True, StochK=11.9, StochD=6.4"
BBHI,2026-09-16,47.5,7.5,0.0,30.0,10.0,900.0,899.0,899.5,,"Di atas MA20 tapi tanpa breakout impulsif yang jelas | N/A (belum ada breakout) | Close +0.11% vs MA5 | MA5>MA20=False, StochK=100.0, StochD=97.7"
MBAP,2026-09-16,47.5,7.5,0.0,30.0,10.0,1720.0,1714.0,1635.75,,"Di atas MA20 tapi tanpa breakout impulsif yang jelas | N/A (belum ada breakout) | Close +0.35% vs MA5 | MA5>MA20=True, StochK=10.1, StochD=18.6 (bearish cross)"
PMJS,2026-09-16,47.5,7.5,0.0,30.0,10.0,144.0,143.8,140.25,,"Di atas MA20 tapi tanpa breakout impulsif yang jelas | N/A (belum ada breakout) | Close +0.14% vs MA5 | MA5>MA20=True, StochK=7.2, StochD=8.1 (bearish cross)"
KETR,2026-09-16,47.5,7.5,0.0,30.0,10.0,925.0,924.0,828.25,,"Di atas MA20 tapi tanpa breakout impulsif yang jelas | N/A (belum ada breakout) | Close +0.11% vs MA5 | MA5>MA20=True, StochK=25.7, StochD=53.7 (bearish cross)"
CAKK,2026-09-16,47.5,7.5,0.0,30.0,10.0,160.0,159.2,154.9,,"Di atas MA20 tapi tanpa breakout impulsif yang jelas | N/A (belum ada breakout) | Close +0.50% vs MA5 | MA5>MA20=True, StochK=28.4, StochD=38.5 (bearish cross)"
LAJU,2026-09-16,47.5,7.5,0.0,30.0,10.0,71.0,70.4,70.1,,"Di atas MA20 tapi tanpa breakout impulsif yang jelas | N/A (belum ada breakout) | Close +0.85% vs MA5 | MA5>MA20=True, StochK=12.5, StochD=14.1 (bearish cross)"
INDO,2026-09-16,47.5,7.5,0.0,30.0,10.0,185.0,184.8,184.25,,"Di atas MA20 tapi tanpa breakout impulsif yang jelas | N/A (belum ada breakout) | Close +0.11% vs MA5 | MA5>MA20=True, StochK=29.9, StochD=24.4"
POLI,2026-09-16,47.5,7.5,0.0,30.0,10.0,900.0,896.0,886.25,,"Di atas MA20 tapi tanpa breakout impulsif yang jelas | N/A (belum ada breakout) | Close +0.45% vs MA5 | MA5>MA20=True, StochK=8.8, StochD=9.1 (bearish cross)"
PMUI,2026-09-16,47.5,7.5,0.0,30.0,10.0,103.0,103.0,102.25,,"Di atas MA20 tapi tanpa breakout impulsif yang jelas | N/A (belum ada breakout) | Close +0.00% vs MA5 | MA5>MA20=True, StochK=3.2, StochD=1.1"
TOTL,2026-09-16,47.5,7.5,0.0,30.0,10.0,1535.0,1523.0,1496.0,,"Di atas MA20 tapi tanpa breakout impulsif yang jelas | N/A (belum ada breakout) | Close +0.79% vs MA5 | MA5>MA20=True, StochK=28.0, StochD=22.0"
AALI,2026-09-16,47.5,7.5,0.0,30.0,10.0,8625.0,8515.0,8286.25,,"Di atas MA20 tapi tanpa breakout impulsif yang jelas | N/A (belum ada breakout) | Close +1.29% vs MA5 | MA5>MA20=True, StochK=8.7, StochD=8.8 (bearish cross)"
ALDO,2026-09-16,47.5,7.5,0.0,30.0,10.0,960.0,950.0,938.25,,"Di atas MA20 tapi tanpa breakout impulsif yang jelas | N/A (belum ada breakout) | Close +1.05% vs MA5 | MA5>MA20=True, StochK=28.3, StochD=25.0"
AUTO,2026-09-16,47.5,7.5,0.0,30.0,10.0,3330.0,3326.0,3280.5,,"Di atas MA20 tapi tanpa breakout impulsif yang jelas | N/A (belum ada breakout) | Close +0.12% vs MA5 | MA5>MA20=True, StochK=7.4, StochD=5.6"
UNIQ,2026-09-16,47.5,7.5,0.0,30.0,10.0,122.0,120.8,120.25,,"Di atas MA20 tapi tanpa breakout impulsif yang jelas | N/A (belum ada breakout) | Close +0.99% vs MA5 | MA5>MA20=True, StochK=12.8, StochD=13.0 (bearish cross)"
GUNA,2026-09-16,47.5,7.5,0.0,30.0,10.0,220.0,220.0,218.8,,"Di atas MA20 tapi tanpa breakout impulsif yang jelas | N/A (belum ada breakout) | Close +0.00% vs MA5 | MA5>MA20=True, StochK=6.1, StochD=5.6"
CASS,2026-09-16,47.4,7.5,0.0,30.0,9.9,1865.0,1847.0,1850.5,,"Di atas MA20 tapi tanpa breakout impulsif yang jelas | N/A (belum ada breakout) | Close +0.97% vs MA5 | MA5>MA20=False, StochK=69.7, StochD=64.8"
HGII,2026-09-16,47.2,7.5,0.0,28.6,11.1,141.0,141.2,135.95,,"Di atas MA20 tapi tanpa breakout impulsif yang jelas | N/A (belum ada breakout) | Close -0.14% vs MA5 | MA5>MA20=True, StochK=38.8, StochD=50.9 (bearish cross)"
TRUS,2026-09-16,47.2,7.5,0.0,27.4,12.4,452.0,453.2,447.5,,"Di atas MA20 tapi tanpa breakout impulsif yang jelas | N/A (belum ada breakout) | Close -0.26% vs MA5 | MA5>MA20=True, StochK=49.0, StochD=58.7 (bearish cross)"
ABDA,2026-09-16,47.1,7.5,0.0,29.6,10.0,4970.0,4972.0,4325.5,,"Di atas MA20 tapi tanpa breakout impulsif yang jelas | N/A (belum ada breakout) | Close -0.04% vs MA5 | MA5>MA20=True, StochK=26.3, StochD=28.1 (bearish cross)"
WEHA,2026-09-16,47.0,7.5,0.0,19.5,20.0,117.0,112.4,110.15,,"Di atas MA20 tapi tanpa breakout impulsif yang jelas | N/A (belum ada breakout) | Close +4.09% vs MA5 | MA5>MA20=True, StochK=74.6, StochD=56.2"
TINS,2026-09-16,46.8,7.5,0.0,25.3,14.0,4680.0,4702.0,4302.5,,"Di atas MA20 tapi tanpa breakout impulsif yang jelas | N/A (belum ada breakout) | Close -0.47% vs MA5 | MA5>MA20=True, StochK=83.4, StochD=90.6 (bearish cross)"
PANR,2026-09-16,46.8,13.6,24.3,9.0,0.0,410.0,418.8,424.5,2026-08-31,"Breakout body=1.95x avg, vol=1.95x avg (2026-08-31) | Koreksi body=0.54x, vol=0.44x candle breakout (12 candle) | Close -2.10% vs MA5 | MA5>MA20=False, StochK=0.0, StochD=4.8 (bearish cross)"
BLUE,2026-09-16,46.8,7.5,0.0,29.3,10.0,2990.0,2992.0,2846.0,,"Di atas MA20 tapi tanpa breakout impulsif yang jelas | N/A (belum ada breakout) | Close -0.07% vs MA5 | MA5>MA20=True, StochK=21.4, StochD=20.2"
CTTH,2026-09-16,46.7,7.5,0.0,30.0,9.2,129.0,127.0,128.5,,"Di atas MA20 tapi tanpa breakout impulsif yang jelas | N/A (belum ada breakout) | Close +1.57% vs MA5 | MA5>MA20=False, StochK=66.6, StochD=54.3"
CLAY,2026-09-16,46.4,3.8,12.5,30.0,0.1,2740.0,2688.0,2723.5,2026-09-16,"Breakout body=1.62x avg, vol=1.35x avg (2026-09-16) | Belum ada candle koreksi (baru saja breakout) | Close +1.93% vs MA5 | MA5>MA20=False, StochK=30.4, StochD=15.4"
RATU,2026-09-16,46.4,11.5,24.0,0.0,10.9,4320.0,4466.0,4403.5,2026-09-08,"Breakout body=1.37x avg, vol=2.34x avg (2026-09-08) | Koreksi body=0.56x, vol=0.36x candle breakout (6 candle) | Close -3.27% vs MA5 | MA5>MA20=True, StochK=36.9, StochD=54.3 (bearish cross)"
BBYB,2026-09-16,46.3,21.3,25.0,0.0,0.0,242.0,249.6,256.8,2026-09-01,"Breakout body=2.14x avg, vol=3.20x avg (2026-09-01) | Koreksi body=0.47x, vol=0.48x candle breakout (11 candle) | Close -3.04% vs MA5 | MA5>MA20=False, StochK=5.7, StochD=8.1 (bearish cross)"
AYLS,2026-09-16,46.1,25.0,20.1,0.0,0.9,147.0,152.4,153.8,2026-09-14,"Breakout body=3.73x avg, vol=7.07x avg (2026-09-14) | Koreksi body=0.77x, vol=0.20x candle breakout (2 candle) | Close -3.54% vs MA5 | MA5>MA20=False, StochK=33.7, StochD=31.7"
BTPN,2026-09-16,45.8,7.5,0.0,28.3,10.0,2350.0,2354.0,2310.0,,"Di atas MA20 tapi tanpa breakout impulsif yang jelas | N/A (belum ada breakout) | Close -0.17% vs MA5 | MA5>MA20=True, StochK=3.9, StochD=11.8 (bearish cross)"
IPTV,2026-09-16,45.8,4.1,12.5,17.3,12.0,31.0,31.4,31.0,2026-09-09,"Breakout body=1.67x avg, vol=1.32x avg (2026-09-09) | Koreksi body=0.20x, vol=1.43x candle breakout (5 candle) | Close -1.27% vs MA5 | MA5>MA20=True, StochK=45.7, StochD=61.3 (bearish cross)"
PEGE,2026-09-16,45.7,7.5,0.0,24.6,13.5,134.0,130.0,122.75,,"Di atas MA20 tapi tanpa breakout impulsif yang jelas | N/A (belum ada breakout) | Close +3.08% vs MA5 | MA5>MA20=True, StochK=58.4, StochD=60.0 (bearish cross)"
FISH,2026-09-16,45.3,7.5,0.0,23.8,14.0,700.0,678.0,627.0,,"Di atas MA20 tapi tanpa breakout impulsif yang jelas | N/A (belum ada breakout) | Close +3.24% vs MA5 | MA5>MA20=True, StochK=89.9, StochD=96.6 (bearish cross)"
BNGA,2026-09-16,45.2,7.5,0.0,27.7,10.0,1735.0,1739.0,1706.0,,"Di atas MA20 tapi tanpa breakout impulsif yang jelas | N/A (belum ada breakout) | Close -0.23% vs MA5 | MA5>MA20=True, StochK=30.0, StochD=38.1 (bearish cross)"
MLBI,2026-09-16,45.1,7.5,0.0,30.0,7.6,6875.0,6835.0,6867.5,,"Di atas MA20 tapi tanpa breakout impulsif yang jelas | N/A (belum ada breakout) | Close +0.59% vs MA5 | MA5>MA20=False, StochK=60.2, StochD=55.3"
PNSE,2026-09-16,45.1,7.5,0.0,30.0,7.6,500.0,498.4,499.15,,"Di atas MA20 tapi tanpa breakout impulsif yang jelas | N/A (belum ada breakout) | Close +0.32% vs MA5 | MA5>MA20=False, StochK=60.3, StochD=57.6"
INTD,2026-09-16,45.0,25.0,0.0,0.0,20.0,272.0,282.0,280.8,2026-09-14,"Breakout body=3.29x avg, vol=2.94x avg (2026-09-14) | Koreksi body=1.39x, vol=8.52x candle breakout (2 candle) | Close -3.55% vs MA5 | MA5>MA20=True, StochK=72.6, StochD=63.1"
UNTR,2026-09-16,44.8,7.5,0.0,23.3,14.0,26075.0,26250.0,25090.0,,"Di atas MA20 tapi tanpa breakout impulsif yang jelas | N/A (belum ada breakout) | Close -0.67% vs MA5 | MA5>MA20=True, StochK=81.2, StochD=89.3 (bearish cross)"
LUCK,2026-09-16,44.7,7.5,0.0,26.6,10.6,117.0,117.4,115.25,,"Di atas MA20 tapi tanpa breakout impulsif yang jelas | N/A (belum ada breakout) | Close -0.34% vs MA5 | MA5>MA20=True, StochK=34.8, StochD=39.3 (bearish cross)"
AGRO,2026-09-16,44.7,7.4,23.4,13.8,0.0,146.0,148.4,150.1,2026-09-01,"Breakout body=1.43x avg, vol=1.89x avg (2026-09-01) | Koreksi body=0.48x, vol=0.56x candle breakout (11 candle) | Close -1.62% vs MA5 | MA5>MA20=False, StochK=11.2, StochD=18.8 (bearish cross)"
BAJA,2026-09-16,44.7,12.6,24.7,7.3,0.0,276.0,282.4,283.1,2026-09-09,"Breakout body=1.31x avg, vol=7.00x avg (2026-09-09) | Koreksi body=0.51x, vol=0.06x candle breakout (5 candle) | Close -2.27% vs MA5 | MA5>MA20=False, StochK=25.3, StochD=42.2 (bearish cross)"
BTON,2026-09-16,44.6,7.5,0.0,17.1,20.0,384.0,367.2,364.5,,"Di atas MA20 tapi tanpa breakout impulsif yang jelas | N/A (belum ada breakout) | Close +4.58% vs MA5 | MA5>MA20=True, StochK=72.4, StochD=49.7"
DGNS,2026-09-16,44.5,8.7,6.1,19.7,10.0,268.0,270.8,252.3,2026-08-27,"Breakout body=1.90x avg, vol=1.53x avg (2026-08-27) | Koreksi body=0.86x, vol=5.94x candle breakout (14 candle) | Close -1.03% vs MA5 | MA5>MA20=True, StochK=23.6, StochD=46.1 (bearish cross)"
EURO,2026-09-16,44.5,12.7,12.5,9.8,9.6,1490.0,1405.0,1451.75,2026-09-16,"Breakout body=2.38x avg, vol=1.44x avg (2026-09-16) | Belum ada candle koreksi (baru saja breakout) | Close +6.05% vs MA5 | MA5>MA20=False, StochK=68.2, StochD=62.0"
BAYU,2026-09-16,44.5,7.5,0.0,27.0,10.0,1335.0,1339.0,1326.0,,"Di atas MA20 tapi tanpa breakout impulsif yang jelas | N/A (belum ada breakout) | Close -0.30% vs MA5 | MA5>MA20=True, StochK=0.0, StochD=1.3 (bearish cross)"
INDR,2026-09-16,44.4,7.5,0.0,23.9,13.0,2950.0,2968.0,2714.5,,"Di atas MA20 tapi tanpa breakout impulsif yang jelas | N/A (belum ada breakout) | Close -0.61% vs MA5 | MA5>MA20=True, StochK=53.9, StochD=61.1 (bearish cross)"
IMJS,2026-09-16,44.3,7.5,0.0,26.8,10.0,185.0,185.6,179.05,,"Di atas MA20 tapi tanpa breakout impulsif yang jelas | N/A (belum ada breakout) | Close -0.32% vs MA5 | MA5>MA20=True, StochK=17.1, StochD=19.3 (bearish cross)"
CITA,2026-09-16,44.2,7.5,0.0,26.6,10.1,3490.0,3502.0,3380.5,,"Di atas MA20 tapi tanpa breakout impulsif yang jelas | N/A (belum ada breakout) | Close -0.34% vs MA5 | MA5>MA20=True, StochK=31.0, StochD=35.7 (bearish cross)"
IKAN,2026-09-16,44.0,1.5,12.5,29.9,0.0,91.0,89.2,89.7,2026-09-16,"Breakout body=1.38x avg, vol=1.37x avg (2026-09-16) | Belum ada candle koreksi (baru saja breakout) | Close +2.02% vs MA5 | MA5>MA20=False, StochK=26.4, StochD=13.8"
CLEO,2026-09-16,43.7,7.5,0.0,26.2,10.0,422.0,423.6,412.4,,"Di atas MA20 tapi tanpa breakout impulsif yang jelas | N/A (belum ada breakout) | Close -0.38% vs MA5 | MA5>MA20=True, StochK=21.7, StochD=22.7 (bearish cross)"
NISP,2026-09-16,43.7,7.5,0.0,22.2,14.0,1265.0,1275.0,1257.0,,"Di atas MA20 tapi tanpa breakout impulsif yang jelas | N/A (belum ada breakout) | Close -0.78% vs MA5 | MA5>MA20=True, StochK=72.7, StochD=77.6 (bearish cross)"
AHAP,2026-09-16,43.6,12.9,0.0,10.7,20.0,112.0,105.8,101.35,2026-09-14,"Breakout body=2.08x avg, vol=1.75x avg (2026-09-14) | Koreksi body=2.20x, vol=11.13x candle breakout (2 candle) | Close +5.86% vs MA5 | MA5>MA20=True, StochK=79.1, StochD=63.5"
UNTD,2026-09-16,43.4,4.0,24.2,15.2,0.0,80.0,81.2,82.2,2026-08-31,"Breakout body=1.48x avg, vol=1.50x avg (2026-08-31) | Koreksi body=0.42x, vol=0.53x candle breakout (12 candle) | Close -1.48% vs MA5 | MA5>MA20=False, StochK=0.0, StochD=6.1 (bearish cross)"
BISI,2026-09-16,43.4,7.5,0.0,25.9,10.0,720.0,723.0,717.0,,"Di atas MA20 tapi tanpa breakout impulsif yang jelas | N/A (belum ada breakout) | Close -0.41% vs MA5 | MA5>MA20=True, StochK=8.1, StochD=13.3 (bearish cross)"
MTEL,2026-09-16,43.4,7.5,0.0,25.9,10.0,484.0,486.0,473.7,,"Di atas MA20 tapi tanpa breakout impulsif yang jelas | N/A (belum ada breakout) | Close -0.41% vs MA5 | MA5>MA20=True, StochK=18.4, StochD=25.4 (bearish cross)"
INDF,2026-09-16,43.2,2.9,17.2,23.1,0.0,7225.0,7275.0,7321.25,2026-09-07,"Breakout body=1.36x avg, vol=1.53x avg (2026-09-07) | Koreksi body=0.71x, vol=0.66x candle breakout (7 candle) | Close -0.69% vs MA5 | MA5>MA20=False, StochK=5.6, StochD=11.0 (bearish cross)"
PCAR,2026-09-16,43.0,7.5,0.0,20.8,14.7,43.0,43.4,42.45,,"Di atas MA20 tapi tanpa breakout impulsif yang jelas | N/A (belum ada breakout) | Close -0.92% vs MA5 | MA5>MA20=True, StochK=68.0, StochD=73.9 (bearish cross)"
SMGA,2026-09-16,42.9,7.5,0.0,25.4,10.0,87.0,87.4,85.2,,"Di atas MA20 tapi tanpa breakout impulsif yang jelas | N/A (belum ada breakout) | Close -0.46% vs MA5 | MA5>MA20=True, StochK=19.8, StochD=38.6 (bearish cross)"
BDMN,2026-09-16,42.9,7.5,0.0,25.0,10.3,4420.0,4442.0,4371.0,,"Di atas MA20 tapi tanpa breakout impulsif yang jelas | N/A (belum ada breakout) | Close -0.50% vs MA5 | MA5>MA20=True, StochK=32.6, StochD=45.8 (bearish cross)"
ESTI,2026-09-16,42.8,7.5,0.0,25.3,10.0,169.0,169.8,165.5,,"Di atas MA20 tapi tanpa breakout impulsif yang jelas | N/A (belum ada breakout) | Close -0.47% vs MA5 | MA5>MA20=True, StochK=9.0, StochD=11.8 (bearish cross)"
MOLI,2026-09-16,42.6,7.5,0.0,23.7,11.4,316.0,318.0,303.6,,"Di atas MA20 tapi tanpa breakout impulsif yang jelas | N/A (belum ada breakout) | Close -0.63% vs MA5 | MA5>MA20=True, StochK=41.4, StochD=53.9 (bearish cross)"
HRME,2026-09-16,42.5,7.5,0.0,21.0,14.0,44.0,44.4,42.15,,"Di atas MA20 tapi tanpa breakout impulsif yang jelas | N/A (belum ada breakout) | Close -0.90% vs MA5 | MA5>MA20=True, StochK=75.3, StochD=82.5 (bearish cross)"
PART,2026-09-16,42.5,25.0,12.5,5.0,0.0,110.0,102.8,107.15,2026-09-16,"Breakout body=3.57x avg, vol=5.51x avg (2026-09-16) | Belum ada candle koreksi (baru saja breakout) | Close +7.00% vs MA5 | MA5>MA20=False, StochK=17.3, StochD=6.7"
MSTI,2026-09-16,42.4,7.5,0.0,24.9,10.0,1355.0,1362.0,1349.75,,"Di atas MA20 tapi tanpa breakout impulsif yang jelas | N/A (belum ada breakout) | Close -0.51% vs MA5 | MA5>MA20=True, StochK=4.8, StochD=16.7 (bearish cross)"
IPOL,2026-09-16,42.3,7.5,0.0,24.8,10.0,115.0,115.6,114.9,,"Di atas MA20 tapi tanpa breakout impulsif yang jelas | N/A (belum ada breakout) | Close -0.52% vs MA5 | MA5>MA20=True, StochK=11.4, StochD=14.2 (bearish cross)"
CARS,2026-09-16,42.2,7.5,0.0,24.7,10.0,113.0,113.6,108.5,,"Di atas MA20 tapi tanpa breakout impulsif yang jelas | N/A (belum ada breakout) | Close -0.53% vs MA5 | MA5>MA20=True, StochK=25.0, StochD=44.1 (bearish cross)"
AMIN,2026-09-16,41.9,7.5,0.0,28.4,6.1,246.0,240.4,241.2,,"Di atas MA20 tapi tanpa breakout impulsif yang jelas | N/A (belum ada breakout) | Close +2.33% vs MA5 | MA5>MA20=False, StochK=54.4, StochD=45.0"
POWR,2026-09-16,41.9,7.5,0.0,23.9,10.4,985.0,991.0,925.5,,"Di atas MA20 tapi tanpa breakout impulsif yang jelas | N/A (belum ada breakout) | Close -0.61% vs MA5 | MA5>MA20=True, StochK=33.3, StochD=41.5 (bearish cross)"
BOLT,2026-09-16,41.8,7.0,1.0,30.0,3.8,805.0,798.0,799.0,2026-08-27,"Breakout body=1.67x avg, vol=1.60x avg (2026-08-27) | Koreksi body=1.14x, vol=2.75x candle breakout (14 candle) | Close +0.88% vs MA5 | MA5>MA20=False, StochK=45.1, StochD=43.8"
CASH,2026-09-16,41.7,9.2,25.0,2.7,4.8,248.0,230.8,231.4,2026-09-07,"Breakout body=2.03x avg, vol=1.46x avg (2026-09-07) | Koreksi body=0.49x, vol=0.43x candle breakout (7 candle) | Close +7.45% vs MA5 | MA5>MA20=False, StochK=49.0, StochD=35.2"
BMHS,2026-09-16,41.7,7.5,0.0,22.0,12.2,199.0,200.6,195.3,,"Di atas MA20 tapi tanpa breakout impulsif yang jelas | N/A (belum ada breakout) | Close -0.80% vs MA5 | MA5>MA20=True, StochK=47.3, StochD=60.3 (bearish cross)"
MEJA,2026-09-16,41.7,7.5,0.0,30.0,4.2,117.0,114.8,116.95,,"Di atas MA20 tapi tanpa breakout impulsif yang jelas | N/A (belum ada breakout) | Close +1.92% vs MA5 | MA5>MA20=False, StochK=46.7, StochD=33.4"
KICI,2026-09-16,41.7,7.5,0.0,24.2,10.0,274.0,275.6,250.4,,"Di atas MA20 tapi tanpa breakout impulsif yang jelas | N/A (belum ada breakout) | Close -0.58% vs MA5 | MA5>MA20=True, StochK=1.1, StochD=11.2 (bearish cross)"
LABA,2026-09-16,41.2,7.5,0.0,23.7,10.0,126.0,126.8,118.7,,"Di atas MA20 tapi tanpa breakout impulsif yang jelas | N/A (belum ada breakout) | Close -0.63% vs MA5 | MA5>MA20=True, StochK=21.2, StochD=28.3 (bearish cross)"
OLIV,2026-09-16,41.2,25.0,3.1,0.0,13.1,57.0,61.8,53.35,2026-09-03,"Breakout body=3.48x avg, vol=3.11x avg (2026-09-03) | Koreksi body=1.03x, vol=2.80x candle breakout (9 candle) | Close -7.77% vs MA5 | MA5>MA20=True, StochK=55.0, StochD=60.1 (bearish cross)"
HADE,2026-09-16,41.0,7.5,0.0,21.4,12.1,23.0,23.2,19.35,,"Di atas MA20 tapi tanpa breakout impulsif yang jelas | N/A (belum ada breakout) | Close -0.86% vs MA5 | MA5>MA20=True, StochK=46.8, StochD=58.0 (bearish cross)"
NTBK,2026-09-16,41.0,7.8,25.0,8.3,0.0,81.0,82.8,82.8,2026-09-04,"Breakout body=1.63x avg, vol=1.71x avg (2026-09-04) | Koreksi body=0.28x, vol=0.35x candle breakout (8 candle) | Close -2.17% vs MA5 | MA5>MA20=False, StochK=26.2, StochD=45.3 (bearish cross)"
BAPI,2026-09-16,41.0,6.3,20.9,3.5,10.4,22.0,22.6,19.95,2026-09-01,"Breakout body=1.54x avg, vol=1.66x avg (2026-09-01) | Koreksi body=0.73x, vol=0.50x candle breakout (11 candle) | Close -2.65% vs MA5 | MA5>MA20=True, StochK=32.8, StochD=46.2 (bearish cross)"
LEAD,2026-09-16,40.7,15.7,25.0,0.0,0.0,104.0,108.8,109.45,2026-09-09,"Breakout body=1.61x avg, vol=4.80x avg (2026-09-09) | Koreksi body=0.46x, vol=0.19x candle breakout (5 candle) | Close -4.41% vs MA5 | MA5>MA20=False, StochK=29.3, StochD=45.1 (bearish cross)"
BSSR,2026-09-16,40.6,7.5,0.0,23.1,10.0,4880.0,4914.0,4734.5,,"Di atas MA20 tapi tanpa breakout impulsif yang jelas | N/A (belum ada breakout) | Close -0.69% vs MA5 | MA5>MA20=True, StochK=14.9, StochD=27.5 (bearish cross)"
SPMA,2026-09-16,40.5,7.5,0.0,23.0,10.0,170.0,171.2,168.65,,"Di atas MA20 tapi tanpa breakout impulsif yang jelas | N/A (belum ada breakout) | Close -0.70% vs MA5 | MA5>MA20=True, StochK=24.2, StochD=45.4 (bearish cross)"
AYAM,2026-09-16,40.4,7.5,0.0,15.1,17.8,515.0,490.6,485.75,,"Di atas MA20 tapi tanpa breakout impulsif yang jelas | N/A (belum ada breakout) | Close +4.97% vs MA5 | MA5>MA20=True, StochK=61.2, StochD=31.3"
SMDM,2026-09-16,40.3,7.5,0.0,30.0,2.8,550.0,544.0,548.25,,"Di atas MA20 tapi tanpa breakout impulsif yang jelas | N/A (belum ada breakout) | Close +1.10% vs MA5 | MA5>MA20=False, StochK=41.1, StochD=35.1"
YULE,2026-09-16,40.2,16.9,12.5,0.0,10.8,4100.0,3614.0,3556.0,2026-09-16,"Breakout body=8.46x avg, vol=1.72x avg (2026-09-16) | Belum ada candle koreksi (baru saja breakout) | Close +13.45% vs MA5 | MA5>MA20=True, StochK=33.3, StochD=11.1"
MCOR,2026-09-16,40.2,6.8,6.3,27.1,0.0,69.0,69.2,69.5,2026-08-28,"Breakout body=1.82x avg, vol=1.43x avg (2026-08-28) | Koreksi body=0.85x, vol=1.63x candle breakout (13 candle) | Close -0.29% vs MA5 | MA5>MA20=False, StochK=24.6, StochD=24.6"
TAMU,2026-09-16,40.1,7.5,0.0,22.6,10.0,27.0,27.2,26.6,,"Di atas MA20 tapi tanpa breakout impulsif yang jelas | N/A (belum ada breakout) | Close -0.74% vs MA5 | MA5>MA20=True, StochK=23.3, StochD=39.2 (bearish cross)"
DIGI,2026-09-15,40.0,0.0,0.0,30.0,10.0,29.0,29.0,29.0,,"Belum breakout dari MA20 (masih di bawah/menekan) | N/A (belum ada breakout) | Close +0.00% vs MA5 | MA5>MA20=False, StochK=100.0, StochD=100.0"
CNKO,2026-09-15,40.0,0.0,0.0,30.0,10.0,37.0,37.0,37.0,,"Belum breakout dari MA20 (masih di bawah/menekan) | N/A (belum ada breakout) | Close +0.00% vs MA5 | MA5>MA20=False, StochK=100.0, StochD=100.0"
ADES,2026-09-16,40.0,0.0,0.0,30.0,10.0,31975.0,31850.0,32110.0,,"Belum breakout dari MA20 (masih di bawah/menekan) | N/A (belum ada breakout) | Close +0.39% vs MA5 | MA5>MA20=False, StochK=98.3, StochD=85.6"
MSIN,2026-09-16,40.0,0.0,0.0,30.0,10.0,308.0,304.0,318.4,,"Belum breakout dari MA20 (masih di bawah/menekan) | N/A (belum ada breakout) | Close +1.32% vs MA5 | MA5>MA20=False, StochK=72.7, StochD=68.5"
MDRN,2026-09-15,40.0,0.0,0.0,30.0,10.0,26.0,26.0,26.0,,"Belum breakout dari MA20 (masih di bawah/menekan) | N/A (belum ada breakout) | Close +0.00% vs MA5 | MA5>MA20=False, StochK=100.0, StochD=100.0"
BMSR,2026-09-16,39.8,7.5,0.0,18.6,13.7,370.0,354.8,323.9,,"Di atas MA20 tapi tanpa breakout impulsif yang jelas | N/A (belum ada breakout) | Close +4.28% vs MA5 | MA5>MA20=True, StochK=59.8, StochD=72.8 (bearish cross)"
RALS,2026-09-16,39.6,7.5,0.0,20.8,11.3,386.0,389.6,385.3,,"Di atas MA20 tapi tanpa breakout impulsif yang jelas | N/A (belum ada breakout) | Close -0.92% vs MA5 | MA5>MA20=True, StochK=40.6, StochD=56.6 (bearish cross)"
EAST,2026-09-16,39.5,0.0,0.0,30.0,9.5,90.0,89.8,90.05,,"Belum breakout dari MA20 (masih di bawah/menekan) | N/A (belum ada breakout) | Close +0.22% vs MA5 | MA5>MA20=False, StochK=67.9, StochD=54.6"
TNCA,2026-09-16,39.3,7.5,0.0,21.2,10.5,181.0,182.6,172.2,,"Di atas MA20 tapi tanpa breakout impulsif yang jelas | N/A (belum ada breakout) | Close -0.88% vs MA5 | MA5>MA20=True, StochK=34.2, StochD=38.9 (bearish cross)"
SOHO,2026-09-16,39.1,7.5,0.0,20.9,10.6,1660.0,1599.0,1374.0,,"Di atas MA20 tapi tanpa breakout impulsif yang jelas | N/A (belum ada breakout) | Close +3.81% vs MA5 | MA5>MA20=True, StochK=35.1, StochD=38.7 (bearish cross)"
NASI,2026-09-16,39.0,7.5,0.0,20.2,11.3,161.0,162.6,151.9,,"Di atas MA20 tapi tanpa breakout impulsif yang jelas | N/A (belum ada breakout) | Close -0.98% vs MA5 | MA5>MA20=True, StochK=40.6, StochD=63.6 (bearish cross)"
ASJT,2026-09-16,38.9,7.5,0.0,30.0,1.4,162.0,161.0,161.25,,"Di atas MA20 tapi tanpa breakout impulsif yang jelas | N/A (belum ada breakout) | Close +0.62% vs MA5 | MA5>MA20=False, StochK=35.7, StochD=21.2"
SGER,2026-09-16,38.8,7.5,0.0,21.3,10.0,685.0,691.0,623.2,,"Di atas MA20 tapi tanpa breakout impulsif yang jelas | N/A (belum ada breakout) | Close -0.87% vs MA5 | MA5>MA20=True, StochK=3.0, StochD=6.6 (bearish cross)"
HOMI,2026-09-16,38.6,7.5,0.0,21.1,10.0,252.0,242.8,226.5,,"Di atas MA20 tapi tanpa breakout impulsif yang jelas | N/A (belum ada breakout) | Close +3.79% vs MA5 | MA5>MA20=True, StochK=27.0, StochD=19.9"
ATAP,2026-09-16,38.2,0.0,0.0,28.2,10.0,565.0,566.0,567.5,,"Belum breakout dari MA20 (masih di bawah/menekan) | N/A (belum ada breakout) | Close -0.18% vs MA5 | MA5>MA20=False, StochK=92.6, StochD=84.8"
AMRT,2026-09-16,38.2,0.0,0.0,30.0,8.2,1300.0,1287.0,1333.25,,"Belum breakout dari MA20 (masih di bawah/menekan) | N/A (belum ada breakout) | Close +1.01% vs MA5 | MA5>MA20=False, StochK=62.8, StochD=35.9"
DOSS,2026-09-16,38.1,7.5,0.0,24.6,6.0,174.0,168.8,169.35,,"Di atas MA20 tapi tanpa breakout impulsif yang jelas | N/A (belum ada breakout) | Close +3.08% vs MA5 | MA5>MA20=False, StochK=54.2, StochD=29.7"
KBLM,2026-09-16,38.1,7.5,0.0,16.6,14.0,384.0,366.8,328.6,,"Di atas MA20 tapi tanpa breakout impulsif yang jelas | N/A (belum ada breakout) | Close +4.69% vs MA5 | MA5>MA20=True, StochK=93.6, StochD=97.9 (bearish cross)"
MPMX,2026-09-16,38.1,0.0,0.0,28.1,10.0,1025.0,1027.0,1025.5,,"Belum breakout dari MA20 (masih di bawah/menekan) | N/A (belum ada breakout) | Close -0.19% vs MA5 | MA5>MA20=True, StochK=3.7, StochD=2.8"
BIPP,2026-09-16,37.9,7.5,0.0,26.6,3.8,69.0,67.2,68.2,,"Di atas MA20 tapi tanpa breakout impulsif yang jelas | N/A (belum ada breakout) | Close +2.68% vs MA5 | MA5>MA20=False, StochK=45.1, StochD=31.7"
FIRE,2026-09-16,37.8,7.5,0.0,20.3,10.0,122.0,123.2,118.9,,"Di atas MA20 tapi tanpa breakout impulsif yang jelas | N/A (belum ada breakout) | Close -0.97% vs MA5 | MA5>MA20=True, StochK=29.7, StochD=35.2 (bearish cross)"
SLIS,2026-09-16,37.7,25.0,12.5,0.0,0.2,93.0,85.8,90.55,2026-09-16,"Breakout body=3.23x avg, vol=7.39x avg (2026-09-16) | Belum ada candle koreksi (baru saja breakout) | Close +8.39% vs MA5 | MA5>MA20=False, StochK=31.0, StochD=10.3"
CLPI,2026-09-16,37.5,0.0,0.0,27.5,10.0,1605.0,1609.0,1608.5,,"Belum breakout dari MA20 (masih di bawah/menekan) | N/A (belum ada breakout) | Close -0.25% vs MA5 | MA5>MA20=True, StochK=0.0, StochD=9.8 (bearish cross)"
ANJT,2026-09-16,37.5,7.5,0.0,30.0,0.0,1600.0,1589.0,1589.5,,"Di atas MA20 tapi tanpa breakout impulsif yang jelas | N/A (belum ada breakout) | Close +0.69% vs MA5 | MA5>MA20=False, StochK=20.0, StochD=7.8"
SKLT,2026-09-16,37.5,7.5,0.0,30.0,0.0,214.0,213.6,213.9,,"Di atas MA20 tapi tanpa breakout impulsif yang jelas | N/A (belum ada breakout) | Close +0.19% vs MA5 | MA5>MA20=False, StochK=7.3, StochD=2.4"
IGAR,2026-09-16,37.5,7.5,0.0,30.0,0.0,474.0,469.6,472.6,,"Di atas MA20 tapi tanpa breakout impulsif yang jelas | N/A (belum ada breakout) | Close +0.94% vs MA5 | MA5>MA20=False, StochK=15.9, StochD=8.0"
AMAR,2026-09-16,37.5,7.5,0.0,30.0,0.0,234.0,231.2,231.9,,"Di atas MA20 tapi tanpa breakout impulsif yang jelas | N/A (belum ada breakout) | Close +1.21% vs MA5 | MA5>MA20=False, StochK=29.5, StochD=17.4"
LMPI,2026-09-16,37.5,7.5,0.0,30.0,0.0,163.0,160.4,161.0,,"Di atas MA20 tapi tanpa breakout impulsif yang jelas | N/A (belum ada breakout) | Close +1.62% vs MA5 | MA5>MA20=False, StochK=20.7, StochD=10.8"
MRAT,2026-09-16,37.3,0.0,0.0,30.0,7.3,390.0,388.0,404.5,,"Belum breakout dari MA20 (masih di bawah/menekan) | N/A (belum ada breakout) | Close +0.52% vs MA5 | MA5>MA20=False, StochK=59.1, StochD=50.7"
AIMS,2026-09-16,37.2,7.5,0.0,17.7,12.0,482.0,488.0,455.1,,"Di atas MA20 tapi tanpa breakout impulsif yang jelas | N/A (belum ada breakout) | Close -1.23% vs MA5 | MA5>MA20=True, StochK=46.3, StochD=48.4 (bearish cross)"
ASGR,2026-09-16,37.1,7.5,0.0,19.6,10.0,2090.0,2112.0,2076.25,,"Di atas MA20 tapi tanpa breakout impulsif yang jelas | N/A (belum ada breakout) | Close -1.04% vs MA5 | MA5>MA20=True, StochK=1.3, StochD=2.7 (bearish cross)"
INPS,2026-09-16,36.9,8.8,8.2,0.0,20.0,970.0,864.0,746.25,2026-08-28,"Breakout body=1.82x avg, vol=1.62x avg (2026-08-28) | Koreksi body=0.74x, vol=1.38x candle breakout (13 candle) | Close +12.27% vs MA5 | MA5>MA20=True, StochK=88.6, StochD=83.8"
JGLE,2026-09-16,36.9,11.9,25.0,0.0,0.0,72.0,75.4,83.2,2026-08-31,"Breakout body=2.35x avg, vol=1.39x avg (2026-08-31) | Koreksi body=0.16x, vol=0.20x candle breakout (12 candle) | Close -4.51% vs MA5 | MA5>MA20=False, StochK=4.9, StochD=3.3"
ABMM,2026-09-16,36.9,7.5,0.0,19.4,10.0,2800.0,2830.0,2791.0,,"Di atas MA20 tapi tanpa breakout impulsif yang jelas | N/A (belum ada breakout) | Close -1.06% vs MA5 | MA5>MA20=True, StochK=8.1, StochD=11.4 (bearish cross)"
CAMP,2026-09-16,36.7,3.6,5.4,27.7,0.0,170.0,170.4,170.75,2026-09-02,"Breakout body=1.33x avg, vol=1.62x avg (2026-09-02) | Koreksi body=0.90x, vol=1.58x candle breakout (10 candle) | Close -0.23% vs MA5 | MA5>MA20=False, StochK=16.3, StochD=29.5 (bearish cross)"
GEMA,2026-09-16,36.6,7.5,0.0,19.1,10.0,91.0,92.0,88.5,,"Di atas MA20 tapi tanpa breakout impulsif yang jelas | N/A (belum ada breakout) | Close -1.09% vs MA5 | MA5>MA20=True, StochK=14.1, StochD=25.0 (bearish cross)"
NICE,2026-09-16,36.5,7.5,0.0,19.0,10.0,358.0,362.0,344.6,,"Di atas MA20 tapi tanpa breakout impulsif yang jelas | N/A (belum ada breakout) | Close -1.10% vs MA5 | MA5>MA20=True, StochK=2.3, StochD=4.6 (bearish cross)"
TMAS,2026-09-16,36.5,7.5,0.0,19.0,10.0,144.0,145.6,142.1,,"Di atas MA20 tapi tanpa breakout impulsif yang jelas | N/A (belum ada breakout) | Close -1.10% vs MA5 | MA5>MA20=True, StochK=7.9, StochD=23.9 (bearish cross)"
MTLA,2026-09-16,36.2,7.5,0.0,18.7,10.0,525.0,531.0,524.25,,"Di atas MA20 tapi tanpa breakout impulsif yang jelas | N/A (belum ada breakout) | Close -1.13% vs MA5 | MA5>MA20=True, StochK=18.8, StochD=43.4 (bearish cross)"
FOLK,2026-09-16,36.1,21.8,0.3,0.0,14.0,244.0,264.4,204.85,2026-09-04,"Breakout body=2.19x avg, vol=3.67x avg (2026-09-04) | Koreksi body=1.18x, vol=1.55x candle breakout (8 candle) | Close -7.72% vs MA5 | MA5>MA20=True, StochK=75.9, StochD=89.0 (bearish cross)"
BMAS,2026-09-16,36.0,7.5,0.0,18.5,10.0,515.0,521.0,514.85,,"Di atas MA20 tapi tanpa breakout impulsif yang jelas | N/A (belum ada breakout) | Close -1.15% vs MA5 | MA5>MA20=True, StochK=8.8, StochD=10.6 (bearish cross)"
KBLI,2026-09-16,35.8,7.5,0.0,8.3,20.0,382.0,359.2,337.7,,"Di atas MA20 tapi tanpa breakout impulsif yang jelas | N/A (belum ada breakout) | Close +6.35% vs MA5 | MA5>MA20=True, StochK=91.1, StochD=79.7"
STRK,2026-09-16,35.6,7.5,0.0,23.0,5.1,67.0,64.8,66.15,,"Di atas MA20 tapi tanpa breakout impulsif yang jelas | N/A (belum ada breakout) | Close +3.40% vs MA5 | MA5>MA20=False, StochK=50.5, StochD=31.4"
PNBN,2026-09-16,35.5,5.0,13.8,16.7,0.0,890.0,902.0,903.25,2026-09-03,"Breakout body=1.60x avg, vol=1.48x avg (2026-09-03) | Koreksi body=0.89x, vol=0.67x candle breakout (9 candle) | Close -1.33% vs MA5 | MA5>MA20=False, StochK=6.3, StochD=23.4 (bearish cross)"
ISAP,2026-09-16,35.4,17.9,7.5,0.0,10.0,25.0,26.0,24.35,2026-09-08,"Breakout body=1.82x avg, vol=4.76x avg (2026-09-08) | Koreksi body=1.00x, vol=0.84x candle breakout (6 candle) | Close -3.85% vs MA5 | MA5>MA20=True, StochK=28.1, StochD=45.8 (bearish cross)"
SMIL,2026-09-16,35.4,7.5,0.0,17.9,10.0,426.0,431.2,418.0,,"Di atas MA20 tapi tanpa breakout impulsif yang jelas | N/A (belum ada breakout) | Close -1.21% vs MA5 | MA5>MA20=True, StochK=3.6, StochD=12.0 (bearish cross)"
BABP,2026-09-16,35.0,0.0,0.0,30.0,5.0,50.0,50.0,50.0,,"Belum breakout dari MA20 (masih di bawah/menekan) | N/A (belum ada breakout) | Close +0.00% vs MA5 | MA5>MA20=False, StochK=50.0, StochD=50.0"
MGNA,2026-09-16,34.7,20.7,0.0,0.0,14.0,199.0,153.0,110.65,2026-09-09,"Breakout body=2.08x avg, vol=10.80x avg (2026-09-09) | Koreksi body=5.24x, vol=1.32x candle breakout (5 candle) | Close +30.07% vs MA5 | MA5>MA20=True, StochK=97.6, StochD=97.7 (bearish cross)"
HDIT,2026-09-16,34.6,0.0,0.0,30.0,4.6,50.0,50.0,50.0,,"Belum breakout dari MA20 (masih di bawah/menekan) | N/A (belum ada breakout) | Close +0.00% vs MA5 | MA5>MA20=False, StochK=66.7, StochD=88.9 (bearish cross)"
BATA,2026-09-15,34.6,0.0,0.0,30.0,4.6,59.0,59.0,59.0,,"Belum breakout dari MA20 (masih di bawah/menekan) | N/A (belum ada breakout) | Close +0.00% vs MA5 | MA5>MA20=False, StochK=66.7, StochD=72.2 (bearish cross)"
PTMP,2026-09-16,34.6,0.0,0.0,30.0,4.6,64.0,64.0,64.7,,"Belum breakout dari MA20 (masih di bawah/menekan) | N/A (belum ada breakout) | Close +0.00% vs MA5 | MA5>MA20=False, StochK=48.4, StochD=40.6"
VICI,2026-09-16,34.4,7.5,0.0,6.9,20.0,1225.0,1149.0,903.75,,"Di atas MA20 tapi tanpa breakout impulsif yang jelas | N/A (belum ada breakout) | Close +6.61% vs MA5 | MA5>MA20=True, StochK=96.4, StochD=92.6"
CMNP,2026-09-16,34.3,0.0,0.0,24.3,10.0,1400.0,1408.0,1405.0,,"Belum breakout dari MA20 (masih di bawah/menekan) | N/A (belum ada breakout) | Close -0.57% vs MA5 | MA5>MA20=True, StochK=2.3, StochD=9.5 (bearish cross)"
NAYZ,2026-09-16,34.2,7.5,0.0,15.8,10.9,78.0,74.4,73.05,,"Di atas MA20 tapi tanpa breakout impulsif yang jelas | N/A (belum ada breakout) | Close +4.84% vs MA5 | MA5>MA20=True, StochK=33.4, StochD=13.2"
MAPI,2026-09-16,34.2,0.0,0.0,30.0,4.2,1380.0,1360.0,1428.0,,"Belum breakout dari MA20 (masih di bawah/menekan) | N/A (belum ada breakout) | Close +1.47% vs MA5 | MA5>MA20=False, StochK=46.7, StochD=25.0"
SOUL,2026-09-15,34.0,0.0,0.0,30.0,4.0,37.0,37.0,37.0,,"Belum breakout dari MA20 (masih di bawah/menekan) | N/A (belum ada breakout) | Close +0.00% vs MA5 | MA5>MA20=False, StochK=83.3, StochD=91.7 (bearish cross)"
PSKT,2026-09-16,33.9,6.0,16.6,11.4,0.0,232.0,236.4,238.6,2026-08-27,"Breakout body=1.63x avg, vol=1.54x avg (2026-08-27) | Koreksi body=0.61x, vol=0.76x candle breakout (14 candle) | Close -1.86% vs MA5 | MA5>MA20=False, StochK=4.2, StochD=5.8 (bearish cross)"
JATI,2026-09-16,33.8,7.5,0.0,14.5,11.8,114.0,115.8,108.8,,"Di atas MA20 tapi tanpa breakout impulsif yang jelas | N/A (belum ada breakout) | Close -1.55% vs MA5 | MA5>MA20=True, StochK=44.5, StochD=68.6 (bearish cross)"
BFIN,2026-09-16,33.5,7.5,0.0,15.9,10.1,980.0,994.0,948.0,,"Di atas MA20 tapi tanpa breakout impulsif yang jelas | N/A (belum ada breakout) | Close -1.41% vs MA5 | MA5>MA20=True, StochK=30.6, StochD=54.1 (bearish cross)"
ASBI,2026-09-16,33.5,0.0,0.0,30.0,3.5,400.0,400.0,405.4,,"Belum breakout dari MA20 (masih di bawah/menekan) | N/A (belum ada breakout) | Close +0.00% vs MA5 | MA5>MA20=False, StochK=43.9, StochD=40.2"
NICK,2026-09-16,33.3,7.5,0.0,11.8,14.0,2660.0,2518.0,2091.5,,"Di atas MA20 tapi tanpa breakout impulsif yang jelas | N/A (belum ada breakout) | Close +5.64% vs MA5 | MA5>MA20=True, StochK=62.0, StochD=62.3 (bearish cross)"
SMMA,2026-09-16,33.3,0.0,0.0,29.3,4.0,20000.0,20015.0,20023.75,,"Belum breakout dari MA20 (masih di bawah/menekan) | N/A (belum ada breakout) | Close -0.07% vs MA5 | MA5>MA20=False, StochK=96.8, StochD=97.1 (bearish cross)"
TAPG,2026-09-16,33.2,7.5,0.0,15.7,10.0,2210.0,2242.0,2165.25,,"Di atas MA20 tapi tanpa breakout impulsif yang jelas | N/A (belum ada breakout) | Close -1.43% vs MA5 | MA5>MA20=True, StochK=0.0, StochD=0.8 (bearish cross)"
LINK,2026-09-16,33.2,7.5,0.0,15.7,10.0,1655.0,1679.0,1582.25,,"Di atas MA20 tapi tanpa breakout impulsif yang jelas | N/A (belum ada breakout) | Close -1.43% vs MA5 | MA5>MA20=True, StochK=27.9, StochD=50.2 (bearish cross)"
MPXL,2026-09-16,33.2,0.0,0.0,22.9,10.3,168.0,169.2,168.35,,"Belum breakout dari MA20 (masih di bawah/menekan) | N/A (belum ada breakout) | Close -0.71% vs MA5 | MA5>MA20=True, StochK=32.0, StochD=37.2 (bearish cross)"
STTP,2026-09-16,32.9,0.0,0.0,29.5,3.4,9400.0,9405.0,9432.5,,"Belum breakout dari MA20 (masih di bawah/menekan) | N/A (belum ada breakout) | Close -0.05% vs MA5 | MA5>MA20=False, StochK=57.2, StochD=60.6 (bearish cross)"
MDIY,2026-09-16,32.9,0.0,0.0,30.0,2.9,950.0,942.0,951.0,,"Belum breakout dari MA20 (masih di bawah/menekan) | N/A (belum ada breakout) | Close +0.85% vs MA5 | MA5>MA20=False, StochK=41.7, StochD=29.2"
GEMS,2026-09-16,32.8,7.5,0.0,15.3,10.0,7350.0,7460.0,7188.75,,"Di atas MA20 tapi tanpa breakout impulsif yang jelas | N/A (belum ada breakout) | Close -1.47% vs MA5 | MA5>MA20=True, StochK=9.8, StochD=26.9 (bearish cross)"
BCIP,2026-09-16,32.6,0.0,0.0,26.8,5.8,62.0,62.2,62.9,,"Belum breakout dari MA20 (masih di bawah/menekan) | N/A (belum ada breakout) | Close -0.32% vs MA5 | MA5>MA20=False, StochK=53.3, StochD=32.4"
LPPF,2026-09-16,32.6,0.0,0.0,22.6,10.0,1615.0,1627.0,1621.25,,"Belum breakout dari MA20 (masih di bawah/menekan) | N/A (belum ada breakout) | Close -0.74% vs MA5 | MA5>MA20=True, StochK=0.6, StochD=14.0 (bearish cross)"
UCID,2026-09-16,32.5,7.5,0.0,15.0,10.0,500.0,507.6,498.85,,"Di atas MA20 tapi tanpa breakout impulsif yang jelas | N/A (belum ada breakout) | Close -1.50% vs MA5 | MA5>MA20=True, StochK=1.0, StochD=0.3"
NEST,2026-09-16,32.5,7.5,0.0,15.0,10.0,720.0,731.0,719.0,,"Di atas MA20 tapi tanpa breakout impulsif yang jelas | N/A (belum ada breakout) | Close -1.50% vs MA5 | MA5>MA20=True, StochK=11.5, StochD=27.4 (bearish cross)"
TAMA,2026-09-16,32.4,0.0,0.0,30.0,2.4,194.0,192.6,217.05,,"Belum breakout dari MA20 (masih di bawah/menekan) | N/A (belum ada breakout) | Close +0.73% vs MA5 | MA5>MA20=False, StochK=39.4, StochD=27.4"
MINA,2026-09-16,32.3,7.1,25.0,0.1,0.0,260.0,268.0,274.2,2026-09-01,"Breakout body=1.89x avg, vol=1.40x avg (2026-09-01) | Koreksi body=0.38x, vol=0.42x candle breakout (11 candle) | Close -2.99% vs MA5 | MA5>MA20=False, StochK=0.0, StochD=9.3 (bearish cross)"
PYFA,2026-09-16,32.1,0.0,0.0,22.1,10.0,250.0,252.0,251.6,,"Belum breakout dari MA20 (masih di bawah/menekan) | N/A (belum ada breakout) | Close -0.79% vs MA5 | MA5>MA20=True, StochK=12.6, StochD=16.9 (bearish cross)"
VTNY,2026-09-16,31.9,0.0,0.0,30.0,1.9,77.0,76.4,79.45,,"Belum breakout dari MA20 (masih di bawah/menekan) | N/A (belum ada breakout) | Close +0.79% vs MA5 | MA5>MA20=False, StochK=37.6, StochD=23.3"
NFCX,2026-09-16,31.8,0.0,0.0,21.8,10.0,1700.0,1714.0,1700.75,,"Belum breakout dari MA20 (masih di bawah/menekan) | N/A (belum ada breakout) | Close -0.82% vs MA5 | MA5>MA20=True, StochK=0.0, StochD=17.1 (bearish cross)"
LPCK,2026-09-16,31.7,0.0,0.0,30.0,1.7,600.0,594.0,600.0,,"Belum breakout dari MA20 (masih di bawah/menekan) | N/A (belum ada breakout) | Close +1.01% vs MA5 | MA5>MA20=False, StochK=36.9, StochD=22.4"
BTPS,2026-09-16,31.6,5.5,0.0,14.7,11.4,1030.0,1046.0,1014.0,2026-09-02,"Breakout body=1.33x avg, vol=1.80x avg (2026-09-02) | Koreksi body=2.50x, vol=1.11x candle breakout (10 candle) | Close -1.53% vs MA5 | MA5>MA20=True, StochK=40.9, StochD=50.0 (bearish cross)"
BSIM,2026-09-16,31.5,21.5,0.0,0.0,10.0,1030.0,1083.0,971.0,2026-08-27,"Breakout body=2.16x avg, vol=4.92x avg (2026-08-27) | Koreksi body=2.73x, vol=9.93x candle breakout (14 candle) | Close -4.89% vs MA5 | MA5>MA20=True, StochK=22.9, StochD=33.0 (bearish cross)"
BRAM,2026-09-16,31.4,0.0,0.0,21.4,10.0,4590.0,4630.0,4619.5,,"Belum breakout dari MA20 (masih di bawah/menekan) | N/A (belum ada breakout) | Close -0.86% vs MA5 | MA5>MA20=True, StochK=29.3, StochD=50.3 (bearish cross)"
PTBA,2026-09-16,31.4,7.5,0.0,10.4,13.5,3000.0,3060.0,2767.0,,"Di atas MA20 tapi tanpa breakout impulsif yang jelas | N/A (belum ada breakout) | Close -1.96% vs MA5 | MA5>MA20=True, StochK=58.3, StochD=78.7 (bearish cross)"
BEKS,2026-09-16,31.4,0.0,0.0,21.4,10.0,23.0,23.2,23.15,,"Belum breakout dari MA20 (masih di bawah/menekan) | N/A (belum ada breakout) | Close -0.86% vs MA5 | MA5>MA20=True, StochK=0.0, StochD=19.2 (bearish cross)"
KLBF,2026-09-16,31.2,0.0,0.0,30.0,1.2,760.0,751.0,780.25,,"Belum breakout dari MA20 (masih di bawah/menekan) | N/A (belum ada breakout) | Close +1.20% vs MA5 | MA5>MA20=False, StochK=35.0, StochD=18.7"
SPRE,2026-09-16,31.1,7.5,0.0,13.6,10.0,96.0,97.6,93.45,,"Di atas MA20 tapi tanpa breakout impulsif yang jelas | N/A (belum ada breakout) | Close -1.64% vs MA5 | MA5>MA20=True, StochK=17.3, StochD=41.4 (bearish cross)"
MAPB,2026-09-16,31.1,7.5,0.0,10.7,12.9,1220.0,1244.0,1199.25,,"Di atas MA20 tapi tanpa breakout impulsif yang jelas | N/A (belum ada breakout) | Close -1.93% vs MA5 | MA5>MA20=True, StochK=53.2, StochD=76.6 (bearish cross)"
SOSS,2026-09-15,31.0,7.5,0.0,12.1,11.4,935.0,952.0,901.5,,"Di atas MA20 tapi tanpa breakout impulsif yang jelas | N/A (belum ada breakout) | Close -1.79% vs MA5 | MA5>MA20=True, StochK=41.2, StochD=47.0 (bearish cross)"
BUKK,2026-09-16,30.8,0.0,0.0,30.0,0.8,985.0,967.0,988.5,,"Belum breakout dari MA20 (masih di bawah/menekan) | N/A (belum ada breakout) | Close +1.86% vs MA5 | MA5>MA20=False, StochK=33.3, StochD=11.1"
ZYRX,2026-09-16,30.8,0.0,0.0,30.0,0.8,129.0,128.2,129.75,,"Belum breakout dari MA20 (masih di bawah/menekan) | N/A (belum ada breakout) | Close +0.62% vs MA5 | MA5>MA20=False, StochK=33.2, StochD=17.4"
HILL,2026-09-15,30.8,0.0,0.0,30.0,0.8,16.0,16.0,16.0,,"Belum breakout dari MA20 (masih di bawah/menekan) | N/A (belum ada breakout) | Close +0.00% vs MA5 | MA5>MA20=False, StochK=33.3, StochD=33.3"
IRSX,2026-09-16,30.7,7.5,0.0,13.2,10.0,398.0,404.8,392.6,,"Di atas MA20 tapi tanpa breakout impulsif yang jelas | N/A (belum ada breakout) | Close -1.68% vs MA5 | MA5>MA20=True, StochK=15.5, StochD=35.7 (bearish cross)"
SOCI,2026-09-16,30.5,7.5,0.0,13.0,10.0,635.0,646.0,601.0,,"Di atas MA20 tapi tanpa breakout impulsif yang jelas | N/A (belum ada breakout) | Close -1.70% vs MA5 | MA5>MA20=True, StochK=8.9, StochD=16.8 (bearish cross)"
ARGO,2026-09-16,30.5,0.0,0.0,20.5,10.0,1150.0,1161.0,1157.75,,"Belum breakout dari MA20 (masih di bawah/menekan) | N/A (belum ada breakout) | Close -0.95% vs MA5 | MA5>MA20=True, StochK=25.2, StochD=42.5 (bearish cross)"
DKHH,2026-09-16,30.4,7.5,0.0,12.9,10.0,69.0,70.2,68.05,,"Di atas MA20 tapi tanpa breakout impulsif yang jelas | N/A (belum ada breakout) | Close -1.71% vs MA5 | MA5>MA20=True, StochK=12.7, StochD=16.6 (bearish cross)"
GMFI,2026-09-16,30.3,0.0,0.0,30.0,0.3,58.0,58.0,58.9,,"Belum breakout dari MA20 (masih di bawah/menekan) | N/A (belum ada breakout) | Close +0.00% vs MA5 | MA5>MA20=False, StochK=31.0, StochD=25.9"
INPP,2026-09-16,30.2,0.0,0.0,19.3,10.9,740.0,748.0,744.0,,"Belum breakout dari MA20 (masih di bawah/menekan) | N/A (belum ada breakout) | Close -1.07% vs MA5 | MA5>MA20=True, StochK=37.1, StochD=52.5 (bearish cross)"
STAR,2026-09-16,30.1,0.0,0.0,30.0,0.1,382.0,375.2,399.4,,"Belum breakout dari MA20 (masih di bawah/menekan) | N/A (belum ada breakout) | Close +1.81% vs MA5 | MA5>MA20=False, StochK=30.5, StochD=22.1"
CBPE,2026-09-16,30.0,0.0,0.0,30.0,0.0,496.0,494.2,508.55,,"Belum breakout dari MA20 (masih di bawah/menekan) | N/A (belum ada breakout) | Close +0.36% vs MA5 | MA5>MA20=False, StochK=19.9, StochD=13.2"
DNAR,2026-09-16,30.0,0.0,0.0,30.0,0.0,131.0,130.8,131.1,,"Belum breakout dari MA20 (masih di bawah/menekan) | N/A (belum ada breakout) | Close +0.15% vs MA5 | MA5>MA20=False, StochK=11.4, StochD=11.9 (bearish cross)"
TGKA,2026-09-16,30.0,0.0,0.0,30.0,0.0,5000.0,4980.0,5010.75,,"Belum breakout dari MA20 (masih di bawah/menekan) | N/A (belum ada breakout) | Close +0.40% vs MA5 | MA5>MA20=False, StochK=27.2, StochD=20.3"
LOPI,2026-09-16,30.0,0.0,0.0,30.0,0.0,63.0,62.2,71.1,,"Belum breakout dari MA20 (masih di bawah/menekan) | N/A (belum ada breakout) | Close +1.29% vs MA5 | MA5>MA20=False, StochK=23.9, StochD=19.8"
BBLD,2026-09-16,30.0,0.0,0.0,30.0,0.0,670.0,663.0,679.5,,"Belum breakout dari MA20 (masih di bawah/menekan) | N/A (belum ada breakout) | Close +1.06% vs MA5 | MA5>MA20=False, StochK=5.6, StochD=3.5"
AMAG,2026-09-16,30.0,0.0,0.0,30.0,0.0,388.0,388.0,388.9,,"Belum breakout dari MA20 (masih di bawah/menekan) | N/A (belum ada breakout) | Close +0.00% vs MA5 | MA5>MA20=False, StochK=0.0, StochD=0.0"
CANI,2026-09-15,30.0,0.0,0.0,30.0,0.0,135.0,135.0,135.0,,"Belum breakout dari MA20 (masih di bawah/menekan) | N/A (belum ada breakout) | Close +0.00% vs MA5 | MA5>MA20=False, StochK=16.7, StochD=5.6"
APLN,2026-09-16,30.0,0.0,0.0,30.0,0.0,128.0,127.8,134.9,,"Belum breakout dari MA20 (masih di bawah/menekan) | N/A (belum ada breakout) | Close +0.16% vs MA5 | MA5>MA20=False, StochK=11.6, StochD=7.7"
AWAN,2026-09-16,30.0,0.0,0.0,30.0,0.0,162.0,161.8,165.6,,"Belum breakout dari MA20 (masih di bawah/menekan) | N/A (belum ada breakout) | Close +0.12% vs MA5 | MA5>MA20=False, StochK=16.8, StochD=9.8"
AISA,2026-09-16,30.0,0.0,0.0,30.0,0.0,116.0,115.8,118.05,,"Belum breakout dari MA20 (masih di bawah/menekan) | N/A (belum ada breakout) | Close +0.17% vs MA5 | MA5>MA20=False, StochK=16.6, StochD=15.9"
KSIX,2026-09-16,30.0,0.0,0.0,30.0,0.0,408.0,406.8,413.5,,"Belum breakout dari MA20 (masih di bawah/menekan) | N/A (belum ada breakout) | Close +0.29% vs MA5 | MA5>MA20=False, StochK=5.6, StochD=3.3"
BOAT,2026-09-16,30.0,0.0,0.0,30.0,0.0,138.0,137.0,140.95,,"Belum breakout dari MA20 (masih di bawah/menekan) | N/A (belum ada breakout) | Close +0.73% vs MA5 | MA5>MA20=False, StochK=7.8, StochD=7.4"
COIN,2026-09-16,30.0,0.0,0.0,30.0,0.0,735.0,730.0,798.75,,"Belum breakout dari MA20 (masih di bawah/menekan) | N/A (belum ada breakout) | Close +0.68% vs MA5 | MA5>MA20=False, StochK=7.5, StochD=4.0"
OPMS,2026-09-16,30.0,0.0,0.0,30.0,0.0,118.0,117.2,121.2,,"Belum breakout dari MA20 (masih di bawah/menekan) | N/A (belum ada breakout) | Close +0.68% vs MA5 | MA5>MA20=False, StochK=22.1, StochD=11.7"
INTP,2026-09-16,30.0,0.0,0.0,30.0,0.0,5225.0,5195.0,5443.75,,"Belum breakout dari MA20 (masih di bawah/menekan) | N/A (belum ada breakout) | Close +0.58% vs MA5 | MA5>MA20=False, StochK=15.8, StochD=7.7"
INCO,2026-09-16,30.0,0.0,0.0,30.0,0.0,4830.0,4762.0,5011.25,,"Belum breakout dari MA20 (masih di bawah/menekan) | N/A (belum ada breakout) | Close +1.43% vs MA5 | MA5>MA20=False, StochK=16.8, StochD=8.8"
MTMH,2026-09-16,30.0,0.0,0.0,30.0,0.0,950.0,945.0,964.5,,"Belum breakout dari MA20 (masih di bawah/menekan) | N/A (belum ada breakout) | Close +0.53% vs MA5 | MA5>MA20=False, StochK=13.6, StochD=7.9"
REAL,2026-09-16,30.0,0.0,0.0,30.0,0.0,50.0,50.0,50.2,,"Belum breakout dari MA20 (masih di bawah/menekan) | N/A (belum ada breakout) | Close +0.00% vs MA5 | MA5>MA20=False, StochK=0.0, StochD=0.0 (bearish cross)"
ARCI,2026-09-16,30.0,0.0,0.0,30.0,0.0,1330.0,1322.0,1344.5,,"Belum breakout dari MA20 (masih di bawah/menekan) | N/A (belum ada breakout) | Close +0.61% vs MA5 | MA5>MA20=False, StochK=18.8, StochD=13.1"
LPLI,2026-09-16,30.0,0.0,0.0,30.0,0.0,234.0,234.0,240.4,,"Belum breakout dari MA20 (masih di bawah/menekan) | N/A (belum ada breakout) | Close +0.00% vs MA5 | MA5>MA20=False, StochK=11.8, StochD=3.9"
SILO,2026-09-16,30.0,0.0,0.0,30.0,0.0,2020.0,2018.0,2150.0,,"Belum breakout dari MA20 (masih di bawah/menekan) | N/A (belum ada breakout) | Close +0.10% vs MA5 | MA5>MA20=False, StochK=2.7, StochD=0.9"
DEPO,2026-09-16,30.0,0.0,0.0,30.0,0.0,240.0,240.0,249.3,,"Belum breakout dari MA20 (masih di bawah/menekan) | N/A (belum ada breakout) | Close +0.00% vs MA5 | MA5>MA20=False, StochK=0.0, StochD=0.0"
SMKM,2026-09-16,30.0,0.0,0.0,30.0,0.0,105.0,104.8,107.0,,"Belum breakout dari MA20 (masih di bawah/menekan) | N/A (belum ada breakout) | Close +0.19% vs MA5 | MA5>MA20=False, StochK=4.1, StochD=1.4"
MIDI,2026-09-16,30.0,0.0,0.0,30.0,0.0,268.0,267.6,274.8,,"Belum breakout dari MA20 (masih di bawah/menekan) | N/A (belum ada breakout) | Close +0.15% vs MA5 | MA5>MA20=False, StochK=29.6, StochD=16.3"
MEGA,2026-09-16,30.0,0.0,0.0,30.0,0.0,1960.0,1960.0,1972.25,,"Belum breakout dari MA20 (masih di bawah/menekan) | N/A (belum ada breakout) | Close +0.00% vs MA5 | MA5>MA20=False, StochK=28.8, StochD=31.1 (bearish cross)"
GOLD,2026-09-16,30.0,0.0,0.0,30.0,0.0,276.0,275.6,276.6,,"Belum breakout dari MA20 (masih di bawah/menekan) | N/A (belum ada breakout) | Close +0.15% vs MA5 | MA5>MA20=False, StochK=16.0, StochD=20.6 (bearish cross)"
MDLN,2026-09-16,30.0,0.0,0.0,30.0,0.0,50.0,50.0,50.0,,"Belum breakout dari MA20 (masih di bawah/menekan) | N/A (belum ada breakout) | Close +0.00% vs MA5 | MA5>MA20=False, StochK=0.0, StochD=3.7 (bearish cross)"
BSBK,2026-09-16,30.0,0.0,0.0,30.0,0.0,50.0,50.0,50.3,,"Belum breakout dari MA20 (masih di bawah/menekan) | N/A (belum ada breakout) | Close +0.00% vs MA5 | MA5>MA20=False, StochK=0.0, StochD=22.2 (bearish cross)"
CMRY,2026-09-16,30.0,0.0,0.0,30.0,0.0,4480.0,4470.0,4625.0,,"Belum breakout dari MA20 (masih di bawah/menekan) | N/A (belum ada breakout) | Close +0.22% vs MA5 | MA5>MA20=False, StochK=23.7, StochD=14.9"
KUAS,2026-09-16,30.0,0.0,0.0,20.0,10.0,99.0,100.0,99.0,,"Belum breakout dari MA20 (masih di bawah/menekan) | N/A (belum ada breakout) | Close -1.00% vs MA5 | MA5>MA20=True, StochK=1.8, StochD=2.4 (bearish cross)"
JKON,2026-09-16,30.0,0.0,0.0,30.0,0.0,86.0,85.6,86.3,,"Belum breakout dari MA20 (masih di bawah/menekan) | N/A (belum ada breakout) | Close +0.47% vs MA5 | MA5>MA20=False, StochK=7.3, StochD=5.0"
PRAY,2026-09-16,30.0,0.0,0.0,30.0,0.0,740.0,740.0,752.75,,"Belum breakout dari MA20 (masih di bawah/menekan) | N/A (belum ada breakout) | Close +0.00% vs MA5 | MA5>MA20=False, StochK=23.8, StochD=17.8"
PGLI,2026-09-16,30.0,0.0,0.0,30.0,0.0,210.0,208.0,210.0,,"Belum breakout dari MA20 (masih di bawah/menekan) | N/A (belum ada breakout) | Close +0.96% vs MA5 | MA5>MA20=False, StochK=27.9, StochD=15.9"
PNLF,2026-09-16,30.0,0.0,0.0,30.0,0.0,222.0,222.0,227.1,,"Belum breakout dari MA20 (masih di bawah/menekan) | N/A (belum ada breakout) | Close +0.00% vs MA5 | MA5>MA20=False, StochK=10.0, StochD=5.1"
OMRE,2026-09-16,30.0,0.0,0.0,30.0,0.0,960.0,953.0,970.75,,"Belum breakout dari MA20 (masih di bawah/menekan) | N/A (belum ada breakout) | Close +0.73% vs MA5 | MA5>MA20=False, StochK=18.9, StochD=14.1"
MCAS,2026-09-16,30.0,0.0,0.0,30.0,0.0,272.0,270.4,283.7,,"Belum breakout dari MA20 (masih di bawah/menekan) | N/A (belum ada breakout) | Close +0.59% vs MA5 | MA5>MA20=False, StochK=11.7, StochD=5.3"
SKBM,2026-09-16,30.0,0.0,0.0,30.0,0.0,540.0,536.0,543.25,,"Belum breakout dari MA20 (masih di bawah/menekan) | N/A (belum ada breakout) | Close +0.75% vs MA5 | MA5>MA20=False, StochK=15.1, StochD=6.7"
DWGL,2026-09-16,30.0,0.0,0.0,30.0,0.0,232.0,231.2,259.4,,"Belum breakout dari MA20 (masih di bawah/menekan) | N/A (belum ada breakout) | Close +0.35% vs MA5 | MA5>MA20=False, StochK=17.6, StochD=8.4"
SPTO,2026-09-16,30.0,0.0,0.0,30.0,0.0,610.0,607.0,613.5,,"Belum breakout dari MA20 (masih di bawah/menekan) | N/A (belum ada breakout) | Close +0.49% vs MA5 | MA5>MA20=False, StochK=29.9, StochD=17.5"
ELTY,2026-09-16,30.0,0.0,0.0,30.0,0.0,35.0,34.8,37.15,,"Belum breakout dari MA20 (masih di bawah/menekan) | N/A (belum ada breakout) | Close +0.57% vs MA5 | MA5>MA20=False, StochK=28.8, StochD=15.2"
SSIA,2026-09-16,30.0,0.0,0.0,30.0,0.0,1720.0,1716.0,1811.25,,"Belum breakout dari MA20 (masih di bawah/menekan) | N/A (belum ada breakout) | Close +0.23% vs MA5 | MA5>MA20=False, StochK=8.0, StochD=4.0"
TRIS,2026-09-16,30.0,0.0,0.0,30.0,0.0,172.0,171.2,174.3,,"Belum breakout dari MA20 (masih di bawah/menekan) | N/A (belum ada breakout) | Close +0.47% vs MA5 | MA5>MA20=False, StochK=20.6, StochD=16.2"
BUDI,2026-09-16,30.0,0.0,0.0,30.0,0.0,226.0,224.4,227.5,,"Belum breakout dari MA20 (masih di bawah/menekan) | N/A (belum ada breakout) | Close +0.71% vs MA5 | MA5>MA20=False, StochK=14.1, StochD=8.3"
NSSS,2026-09-16,30.0,0.0,0.0,30.0,0.0,805.0,796.0,850.0,,"Belum breakout dari MA20 (masih di bawah/menekan) | N/A (belum ada breakout) | Close +1.13% vs MA5 | MA5>MA20=False, StochK=14.4, StochD=5.7"
GRIA,2026-09-16,30.0,0.0,0.0,30.0,0.0,167.0,166.2,174.25,,"Belum breakout dari MA20 (masih di bawah/menekan) | N/A (belum ada breakout) | Close +0.48% vs MA5 | MA5>MA20=False, StochK=13.3, StochD=6.8"
TIFA,2026-09-16,30.0,0.0,0.0,30.0,0.0,320.0,315.6,330.3,,"Belum breakout dari MA20 (masih di bawah/menekan) | N/A (belum ada breakout) | Close +1.39% vs MA5 | MA5>MA20=False, StochK=22.2, StochD=7.4"
MDKI,2026-09-16,29.7,0.0,0.0,19.7,10.0,193.0,195.0,193.75,,"Belum breakout dari MA20 (masih di bawah/menekan) | N/A (belum ada breakout) | Close -1.03% vs MA5 | MA5>MA20=True, StochK=3.6, StochD=8.8 (bearish cross)"
ELIT,2026-09-16,29.6,7.5,0.0,12.1,10.0,288.0,272.8,254.5,,"Di atas MA20 tapi tanpa breakout impulsif yang jelas | N/A (belum ada breakout) | Close +5.57% vs MA5 | MA5>MA20=True, StochK=14.8, StochD=14.1"
FUJI,2026-09-16,29.5,0.0,0.0,29.5,0.0,254.0,248.8,279.4,,"Belum breakout dari MA20 (masih di bawah/menekan) | N/A (belum ada breakout) | Close +2.09% vs MA5 | MA5>MA20=False, StochK=10.7, StochD=6.6"
RELF,2026-09-16,29.5,7.5,0.0,6.1,15.9,41.0,38.4,36.65,,"Di atas MA20 tapi tanpa breakout impulsif yang jelas | N/A (belum ada breakout) | Close +6.77% vs MA5 | MA5>MA20=True, StochK=53.5, StochD=46.8"
COCO,2026-09-16,29.4,7.5,0.0,7.9,14.0,133.0,136.0,121.05,,"Di atas MA20 tapi tanpa breakout impulsif yang jelas | N/A (belum ada breakout) | Close -2.21% vs MA5 | MA5>MA20=True, StochK=72.3, StochD=73.7 (bearish cross)"
PURI,2026-09-16,29.4,7.5,0.0,7.9,14.0,159.0,162.6,153.25,,"Di atas MA20 tapi tanpa breakout impulsif yang jelas | N/A (belum ada breakout) | Close -2.21% vs MA5 | MA5>MA20=True, StochK=62.0, StochD=71.4 (bearish cross)"
TRUK,2026-09-16,29.2,7.5,0.0,1.7,20.0,1180.0,1096.0,940.5,,"Di atas MA20 tapi tanpa breakout impulsif yang jelas | N/A (belum ada breakout) | Close +7.66% vs MA5 | MA5>MA20=True, StochK=100.0, StochD=100.0"
DUTI,2026-09-16,29.2,0.0,0.0,29.2,0.0,4770.0,4774.0,4794.0,,"Belum breakout dari MA20 (masih di bawah/menekan) | N/A (belum ada breakout) | Close -0.08% vs MA5 | MA5>MA20=False, StochK=0.0, StochD=0.0"
BPII,2026-09-16,29.2,0.0,0.0,29.2,0.0,474.0,474.4,485.85,,"Belum breakout dari MA20 (masih di bawah/menekan) | N/A (belum ada breakout) | Close -0.08% vs MA5 | MA5>MA20=False, StochK=6.8, StochD=8.8 (bearish cross)"
KOPI,2026-09-16,29.0,0.0,0.0,29.0,0.0,202.0,202.2,204.85,,"Belum breakout dari MA20 (masih di bawah/menekan) | N/A (belum ada breakout) | Close -0.10% vs MA5 | MA5>MA20=False, StochK=23.3, StochD=20.5"
SFAN,2026-09-16,29.0,0.0,0.0,29.0,0.0,2030.0,2032.0,2034.0,,"Belum breakout dari MA20 (masih di bawah/menekan) | N/A (belum ada breakout) | Close -0.10% vs MA5 | MA5>MA20=False, StochK=0.0, StochD=3.3 (bearish cross)"
INAI,2026-09-16,28.9,0.0,0.0,28.9,0.0,175.0,175.2,176.95,,"Belum breakout dari MA20 (masih di bawah/menekan) | N/A (belum ada breakout) | Close -0.11% vs MA5 | MA5>MA20=False, StochK=5.8, StochD=7.1 (bearish cross)"
PBSA,2026-09-16,28.7,0.0,0.0,28.7,0.0,750.0,751.0,805.75,,"Belum breakout dari MA20 (masih di bawah/menekan) | N/A (belum ada breakout) | Close -0.13% vs MA5 | MA5>MA20=False, StochK=2.7, StochD=0.9"
GOOD,2026-09-16,28.7,0.0,0.0,28.7,0.0,312.0,312.4,313.6,,"Belum breakout dari MA20 (masih di bawah/menekan) | N/A (belum ada breakout) | Close -0.13% vs MA5 | MA5>MA20=False, StochK=22.8, StochD=21.2"
FAPA,2026-09-16,28.7,0.0,0.0,28.7,0.0,7425.0,7435.0,7460.0,,"Belum breakout dari MA20 (masih di bawah/menekan) | N/A (belum ada breakout) | Close -0.13% vs MA5 | MA5>MA20=False, StochK=13.8, StochD=6.9"
KMTR,2026-09-16,28.7,7.5,0.0,11.2,10.0,250.0,254.8,246.6,,"Di atas MA20 tapi tanpa breakout impulsif yang jelas | N/A (belum ada breakout) | Close -1.88% vs MA5 | MA5>MA20=True, StochK=30.1, StochD=48.1 (bearish cross)"
TMPO,2026-09-16,28.7,0.0,0.0,28.7,0.0,154.0,154.2,178.85,,"Belum breakout dari MA20 (masih di bawah/menekan) | N/A (belum ada breakout) | Close -0.13% vs MA5 | MA5>MA20=False, StochK=9.2, StochD=4.6"
GRPM,2026-09-16,28.5,0.0,0.0,27.7,0.8,170.0,170.4,176.0,,"Belum breakout dari MA20 (masih di bawah/menekan) | N/A (belum ada breakout) | Close -0.23% vs MA5 | MA5>MA20=False, StochK=36.7, StochD=40.3 (bearish cross)"
MCOL,2026-09-16,28.4,0.0,0.0,28.4,0.0,3650.0,3656.0,3708.0,,"Belum breakout dari MA20 (masih di bawah/menekan) | N/A (belum ada breakout) | Close -0.16% vs MA5 | MA5>MA20=False, StochK=13.1, StochD=19.7 (bearish cross)"
MKPI,2026-09-16,28.4,0.0,0.0,28.4,0.0,21750.0,21785.0,21945.0,,"Belum breakout dari MA20 (masih di bawah/menekan) | N/A (belum ada breakout) | Close -0.16% vs MA5 | MA5>MA20=False, StochK=8.0, StochD=5.5"
ATIC,2026-09-16,28.3,0.0,0.0,28.3,0.0,462.0,462.8,465.7,,"Belum breakout dari MA20 (masih di bawah/menekan) | N/A (belum ada breakout) | Close -0.17% vs MA5 | MA5>MA20=False, StochK=30.4, StochD=39.2 (bearish cross)"
RGAS,2026-09-16,28.2,0.0,0.0,28.2,0.0,110.0,110.2,154.05,,"Belum breakout dari MA20 (masih di bawah/menekan) | N/A (belum ada breakout) | Close -0.18% vs MA5 | MA5>MA20=False, StochK=4.9, StochD=2.2"
GDST,2026-09-16,28.2,0.0,0.0,28.2,0.0,113.0,113.2,113.3,,"Belum breakout dari MA20 (masih di bawah/menekan) | N/A (belum ada breakout) | Close -0.18% vs MA5 | MA5>MA20=False, StochK=10.5, StochD=9.1"
PBID,2026-09-16,28.1,0.0,0.0,28.1,0.0,525.0,526.0,529.25,,"Belum breakout dari MA20 (masih di bawah/menekan) | N/A (belum ada breakout) | Close -0.19% vs MA5 | MA5>MA20=False, StochK=0.0, StochD=2.5 (bearish cross)"
WINS,2026-09-16,28.1,7.5,0.0,10.1,10.5,620.0,585.0,552.75,,"Di atas MA20 tapi tanpa breakout impulsif yang jelas | N/A (belum ada breakout) | Close +5.98% vs MA5 | MA5>MA20=True, StochK=34.1, StochD=44.4 (bearish cross)"
PUDP,2026-09-16,28.0,0.0,0.0,24.2,3.8,272.0,273.6,275.6,,"Belum breakout dari MA20 (masih di bawah/menekan) | N/A (belum ada breakout) | Close -0.58% vs MA5 | MA5>MA20=False, StochK=60.5, StochD=61.1 (bearish cross)"
ADMR,2026-09-16,28.0,4.8,23.2,0.0,0.0,1510.0,1586.0,1651.25,2026-09-03,"Breakout body=1.63x avg, vol=1.42x avg (2026-09-03) | Koreksi body=0.45x, vol=0.57x candle breakout (9 candle) | Close -4.79% vs MA5 | MA5>MA20=False, StochK=0.0, StochD=2.5 (bearish cross)"
BNII,2026-09-16,27.9,0.0,0.0,27.9,0.0,191.0,191.4,192.95,,"Belum breakout dari MA20 (masih di bawah/menekan) | N/A (belum ada breakout) | Close -0.21% vs MA5 | MA5>MA20=False, StochK=15.9, StochD=12.7"
DSNG,2026-09-16,27.8,7.5,0.0,10.3,10.0,1595.0,1627.0,1584.75,,"Di atas MA20 tapi tanpa breakout impulsif yang jelas | N/A (belum ada breakout) | Close -1.97% vs MA5 | MA5>MA20=True, StochK=3.9, StochD=6.0 (bearish cross)"
SICO,2026-09-16,27.8,0.0,0.0,17.8,10.0,113.0,114.4,114.0,,"Belum breakout dari MA20 (masih di bawah/menekan) | N/A (belum ada breakout) | Close -1.22% vs MA5 | MA5>MA20=True, StochK=7.2, StochD=9.9 (bearish cross)"
DFAM,2026-09-16,27.7,13.8,0.0,0.0,13.9,95.0,85.6,82.9,2026-09-15,"Breakout body=1.43x avg, vol=5.61x avg (2026-09-15) | Koreksi body=5.00x, vol=2.99x candle breakout (1 candle) | Close +10.98% vs MA5 | MA5>MA20=True, StochK=45.5, StochD=38.3"
RCCC,2026-09-16,27.7,0.0,0.0,17.7,10.0,112.0,113.4,113.0,,"Belum breakout dari MA20 (masih di bawah/menekan) | N/A (belum ada breakout) | Close -1.23% vs MA5 | MA5>MA20=True, StochK=0.0, StochD=0.0"
KLAS,2026-09-16,27.6,0.0,0.0,27.6,0.0,83.0,83.2,84.6,,"Belum breakout dari MA20 (masih di bawah/menekan) | N/A (belum ada breakout) | Close -0.24% vs MA5 | MA5>MA20=False, StochK=2.6, StochD=1.2"
CCSI,2026-09-16,27.5,7.5,0.0,0.0,20.0,440.0,371.6,296.3,,"Di atas MA20 tapi tanpa breakout impulsif yang jelas | N/A (belum ada breakout) | Close +18.41% vs MA5 | MA5>MA20=True, StochK=99.1, StochD=94.4"
AGAR,2026-09-16,27.5,7.5,0.0,0.0,20.0,2530.0,2275.0,1847.75,,"Di atas MA20 tapi tanpa breakout impulsif yang jelas | N/A (belum ada breakout) | Close +11.21% vs MA5 | MA5>MA20=True, StochK=76.0, StochD=69.6"
TUGU,2026-09-16,27.5,7.5,0.0,0.0,20.0,1630.0,1471.0,1383.5,,"Di atas MA20 tapi tanpa breakout impulsif yang jelas | N/A (belum ada breakout) | Close +10.81% vs MA5 | MA5>MA20=True, StochK=93.1, StochD=82.9"
VISI,2026-09-16,27.5,7.5,0.0,0.0,20.0,1280.0,1069.0,990.0,,"Di atas MA20 tapi tanpa breakout impulsif yang jelas | N/A (belum ada breakout) | Close +19.74% vs MA5 | MA5>MA20=True, StochK=82.0, StochD=81.2"
SAFE,2026-09-16,27.5,7.5,0.0,0.0,20.0,1055.0,928.0,761.25,,"Di atas MA20 tapi tanpa breakout impulsif yang jelas | N/A (belum ada breakout) | Close +13.69% vs MA5 | MA5>MA20=True, StochK=100.0, StochD=100.0"
SMMT,2026-09-16,27.5,7.5,0.0,0.0,20.0,3100.0,2782.0,2320.5,,"Di atas MA20 tapi tanpa breakout impulsif yang jelas | N/A (belum ada breakout) | Close +11.43% vs MA5 | MA5>MA20=True, StochK=75.8, StochD=73.1"
ULTJ,2026-09-16,27.5,7.5,0.0,0.0,20.0,1880.0,1686.0,1548.5,,"Di atas MA20 tapi tanpa breakout impulsif yang jelas | N/A (belum ada breakout) | Close +11.51% vs MA5 | MA5>MA20=True, StochK=100.0, StochD=77.3"
SEMA,2026-09-15,27.5,7.5,0.0,0.0,20.0,234.0,166.2,122.7,,"Di atas MA20 tapi tanpa breakout impulsif yang jelas | N/A (belum ada breakout) | Close +40.79% vs MA5 | MA5>MA20=True, StochK=100.0, StochD=98.5"
MPIX,2026-09-16,27.5,7.5,0.0,0.0,20.0,182.0,154.8,120.2,,"Di atas MA20 tapi tanpa breakout impulsif yang jelas | N/A (belum ada breakout) | Close +17.57% vs MA5 | MA5>MA20=True, StochK=94.2, StochD=80.5"
DPUM,2026-09-16,27.5,7.5,0.0,0.0,20.0,159.0,139.8,109.9,,"Di atas MA20 tapi tanpa breakout impulsif yang jelas | N/A (belum ada breakout) | Close +13.73% vs MA5 | MA5>MA20=True, StochK=83.8, StochD=79.2"
SINI,2026-09-16,27.1,7.5,0.0,9.6,10.0,14475.0,13645.0,11801.25,,"Di atas MA20 tapi tanpa breakout impulsif yang jelas | N/A (belum ada breakout) | Close +6.08% vs MA5 | MA5>MA20=True, StochK=15.6, StochD=17.4 (bearish cross)"
TCID,2026-09-16,27.0,0.0,0.0,17.0,10.0,2580.0,2614.0,2639.0,,"Belum breakout dari MA20 (masih di bawah/menekan) | N/A (belum ada breakout) | Close -1.30% vs MA5 | MA5>MA20=False, StochK=79.5, StochD=76.4"
BIRD,2026-09-16,26.9,0.0,0.0,26.9,0.0,1600.0,1605.0,1625.0,,"Belum breakout dari MA20 (masih di bawah/menekan) | N/A (belum ada breakout) | Close -0.31% vs MA5 | MA5>MA20=False, StochK=14.7, StochD=11.6"
KBLV,2026-09-16,26.9,0.0,0.0,26.9,0.0,127.0,127.4,136.2,,"Belum breakout dari MA20 (masih di bawah/menekan) | N/A (belum ada breakout) | Close -0.31% vs MA5 | MA5>MA20=False, StochK=8.4, StochD=3.7"
ASRI,2026-09-16,26.8,0.0,0.0,26.8,0.0,126.0,126.4,126.5,,"Belum breakout dari MA20 (masih di bawah/menekan) | N/A (belum ada breakout) | Close -0.32% vs MA5 | MA5>MA20=False, StochK=18.3, StochD=23.4 (bearish cross)"
SIPD,2026-09-16,26.8,7.5,0.0,9.3,10.0,900.0,919.0,888.25,,"Di atas MA20 tapi tanpa breakout impulsif yang jelas | N/A (belum ada breakout) | Close -2.07% vs MA5 | MA5>MA20=True, StochK=3.9, StochD=6.0 (bearish cross)"
ALKA,2026-09-15,26.7,7.5,0.0,0.0,19.2,7400.0,5623.0,4628.75,,"Di atas MA20 tapi tanpa breakout impulsif yang jelas | N/A (belum ada breakout) | Close +31.60% vs MA5 | MA5>MA20=True, StochK=66.8, StochD=55.2"
AXIO,2026-09-16,26.5,0.0,0.0,26.5,0.0,115.0,115.4,115.5,,"Belum breakout dari MA20 (masih di bawah/menekan) | N/A (belum ada breakout) | Close -0.35% vs MA5 | MA5>MA20=False, StochK=25.4, StochD=20.0"
SCCO,2026-09-16,26.4,7.5,0.0,0.0,18.9,2980.0,2732.0,2496.0,,"Di atas MA20 tapi tanpa breakout impulsif yang jelas | N/A (belum ada breakout) | Close +9.08% vs MA5 | MA5>MA20=True, StochK=65.5, StochD=46.0"
SDRA,2026-09-16,26.3,0.0,0.0,26.3,0.0,214.0,214.8,219.3,,"Belum breakout dari MA20 (masih di bawah/menekan) | N/A (belum ada breakout) | Close -0.37% vs MA5 | MA5>MA20=False, StochK=14.8, StochD=11.6"
TALF,2026-09-16,26.3,0.0,0.0,24.3,2.0,695.0,699.0,709.25,,"Belum breakout dari MA20 (masih di bawah/menekan) | N/A (belum ada breakout) | Close -0.57% vs MA5 | MA5>MA20=False, StochK=46.2, StochD=47.0 (bearish cross)"
AKSI,2026-09-16,26.1,7.5,0.0,4.7,13.9,370.0,345.6,280.1,,"Di atas MA20 tapi tanpa breakout impulsif yang jelas | N/A (belum ada breakout) | Close +7.06% vs MA5 | MA5>MA20=True, StochK=45.7, StochD=43.8"
CYBR,2026-09-16,26.0,0.0,0.0,22.4,3.7,520.0,524.0,534.5,,"Belum breakout dari MA20 (masih di bawah/menekan) | N/A (belum ada breakout) | Close -0.76% vs MA5 | MA5>MA20=False, StochK=59.3, StochD=62.9 (bearish cross)"
CSRA,2026-09-16,26.0,0.0,0.0,26.0,0.0,755.0,758.0,766.75,,"Belum breakout dari MA20 (masih di bawah/menekan) | N/A (belum ada breakout) | Close -0.40% vs MA5 | MA5>MA20=False, StochK=0.0, StochD=0.0"
WEGE,2026-09-16,26.0,0.0,0.0,26.0,0.0,50.0,50.2,54.45,,"Belum breakout dari MA20 (masih di bawah/menekan) | N/A (belum ada breakout) | Close -0.40% vs MA5 | MA5>MA20=False, StochK=0.0, StochD=0.0"
KEEN,2026-09-16,25.8,0.0,0.0,15.8,10.0,905.0,918.0,910.0,,"Belum breakout dari MA20 (masih di bawah/menekan) | N/A (belum ada breakout) | Close -1.42% vs MA5 | MA5>MA20=True, StochK=19.1, StochD=32.2 (bearish cross)"
PTPW,2026-09-16,25.7,0.0,0.0,25.7,0.0,1170.0,1175.0,1178.25,,"Belum breakout dari MA20 (masih di bawah/menekan) | N/A (belum ada breakout) | Close -0.43% vs MA5 | MA5>MA20=False, StochK=7.9, StochD=10.2 (bearish cross)"
GOLF,2026-09-16,25.6,7.5,0.0,4.1,14.0,173.0,177.6,165.35,,"Di atas MA20 tapi tanpa breakout impulsif yang jelas | N/A (belum ada breakout) | Close -2.59% vs MA5 | MA5>MA20=True, StochK=78.9, StochD=90.9 (bearish cross)"
RAJA,2026-09-16,25.5,9.2,16.3,0.0,0.0,755.0,795.0,813.75,2026-09-08,"Breakout body=1.41x avg, vol=2.08x avg (2026-09-08) | Koreksi body=0.90x, vol=0.56x candle breakout (6 candle) | Close -5.03% vs MA5 | MA5>MA20=False, StochK=8.0, StochD=29.5 (bearish cross)"
DSSA,2026-09-16,25.4,0.0,0.0,25.4,0.0,1085.0,1090.0,1112.0,,"Belum breakout dari MA20 (masih di bawah/menekan) | N/A (belum ada breakout) | Close -0.46% vs MA5 | MA5>MA20=False, StochK=6.4, StochD=3.2"
RANC,2026-09-16,25.3,0.0,0.0,15.3,10.0,535.0,543.0,536.5,,"Belum breakout dari MA20 (masih di bawah/menekan) | N/A (belum ada breakout) | Close -1.47% vs MA5 | MA5>MA20=True, StochK=8.8, StochD=23.6 (bearish cross)"
KEJU,2026-09-16,25.0,0.0,0.0,25.0,0.0,595.0,598.0,604.5,,"Belum breakout dari MA20 (masih di bawah/menekan) | N/A (belum ada breakout) | Close -0.50% vs MA5 | MA5>MA20=False, StochK=0.0, StochD=0.0"
BJBR,2026-09-16,25.0,0.0,0.0,25.0,0.0,790.0,794.0,794.25,,"Belum breakout dari MA20 (masih di bawah/menekan) | N/A (belum ada breakout) | Close -0.50% vs MA5 | MA5>MA20=False, StochK=7.3, StochD=14.5 (bearish cross)"
WTON,2026-09-16,24.9,0.0,0.0,24.9,0.0,78.0,78.4,80.25,,"Belum breakout dari MA20 (masih di bawah/menekan) | N/A (belum ada breakout) | Close -0.51% vs MA5 | MA5>MA20=False, StochK=0.0, StochD=0.0"
LABS,2026-09-16,24.8,0.0,0.0,14.8,10.0,168.0,170.6,170.5,,"Belum breakout dari MA20 (masih di bawah/menekan) | N/A (belum ada breakout) | Close -1.52% vs MA5 | MA5>MA20=True, StochK=4.1, StochD=7.5 (bearish cross)"
SAME,2026-09-16,24.7,0.0,0.0,24.7,0.0,298.0,299.6,306.0,,"Belum breakout dari MA20 (masih di bawah/menekan) | N/A (belum ada breakout) | Close -0.53% vs MA5 | MA5>MA20=False, StochK=6.2, StochD=7.5 (bearish cross)"
NOBU,2026-09-16,24.6,0.0,0.0,14.6,10.0,510.0,518.0,516.5,,"Belum breakout dari MA20 (masih di bawah/menekan) | N/A (belum ada breakout) | Close -1.54% vs MA5 | MA5>MA20=True, StochK=3.4, StochD=7.5 (bearish cross)"
BRRC,2026-09-16,24.5,0.0,0.0,24.5,0.0,72.0,72.4,74.6,,"Belum breakout dari MA20 (masih di bawah/menekan) | N/A (belum ada breakout) | Close -0.55% vs MA5 | MA5>MA20=False, StochK=9.2, StochD=4.5"
BLOG,2026-09-16,24.5,0.0,0.0,24.5,0.0,362.0,364.0,376.4,,"Belum breakout dari MA20 (masih di bawah/menekan) | N/A (belum ada breakout) | Close -0.55% vs MA5 | MA5>MA20=False, StochK=4.4, StochD=2.9"
DNET,2026-09-16,24.4,0.0,0.0,24.4,0.0,9825.0,9880.0,9976.25,,"Belum breakout dari MA20 (masih di bawah/menekan) | N/A (belum ada breakout) | Close -0.56% vs MA5 | MA5>MA20=False, StochK=0.0, StochD=3.1 (bearish cross)"
CTBN,2026-09-16,24.1,0.0,0.0,24.1,0.0,3030.0,3048.0,3141.5,,"Belum breakout dari MA20 (masih di bawah/menekan) | N/A (belum ada breakout) | Close -0.59% vs MA5 | MA5>MA20=False, StochK=22.0, StochD=43.2 (bearish cross)"
MLPT,2026-09-16,24.0,0.0,0.0,24.0,0.0,1160.0,1167.0,1259.0,,"Belum breakout dari MA20 (masih di bawah/menekan) | N/A (belum ada breakout) | Close -0.60% vs MA5 | MA5>MA20=False, StochK=9.9, StochD=4.7"
ASLC,2026-09-16,24.0,0.0,0.0,24.0,0.0,66.0,66.4,66.7,,"Belum breakout dari MA20 (masih di bawah/menekan) | N/A (belum ada breakout) | Close -0.60% vs MA5 | MA5>MA20=False, StochK=0.0, StochD=1.0 (bearish cross)"
ALII,2026-09-16,23.9,3.1,20.8,0.0,0.0,725.0,770.0,784.5,2026-09-08,"Breakout body=1.43x avg, vol=1.46x avg (2026-09-08) | Koreksi body=0.63x, vol=0.57x candle breakout (6 candle) | Close -5.84% vs MA5 | MA5>MA20=False, StochK=10.1, StochD=37.3 (bearish cross)"
UNVR,2026-09-16,23.9,0.0,0.0,23.9,0.0,1620.0,1630.0,1712.0,,"Belum breakout dari MA20 (masih di bawah/menekan) | N/A (belum ada breakout) | Close -0.61% vs MA5 | MA5>MA20=False, StochK=3.9, StochD=2.1"
ICBP,2026-09-16,23.6,0.0,0.0,23.6,0.0,7025.0,7070.0,7425.0,,"Belum breakout dari MA20 (masih di bawah/menekan) | N/A (belum ada breakout) | Close -0.64% vs MA5 | MA5>MA20=False, StochK=5.7, StochD=1.9"
NAIK,2026-09-16,23.5,0.0,0.0,23.5,0.0,92.0,92.6,93.35,,"Belum breakout dari MA20 (masih di bawah/menekan) | N/A (belum ada breakout) | Close -0.65% vs MA5 | MA5>MA20=False, StochK=6.2, StochD=4.1"
CNMA,2026-09-16,23.4,0.0,0.0,23.4,0.0,91.0,91.6,92.35,,"Belum breakout dari MA20 (masih di bawah/menekan) | N/A (belum ada breakout) | Close -0.66% vs MA5 | MA5>MA20=False, StochK=15.0, StochD=17.7 (bearish cross)"
ELSA,2026-09-16,23.4,0.0,0.0,13.4,10.0,710.0,722.0,719.25,,"Belum breakout dari MA20 (masih di bawah/menekan) | N/A (belum ada breakout) | Close -1.66% vs MA5 | MA5>MA20=True, StochK=20.8, StochD=36.1 (bearish cross)"
ACES,2026-09-16,23.2,0.0,0.0,23.2,0.0,350.0,352.4,356.1,,"Belum breakout dari MA20 (masih di bawah/menekan) | N/A (belum ada breakout) | Close -0.68% vs MA5 | MA5>MA20=False, StochK=28.2, StochD=27.2"
YUPI,2026-09-16,23.1,0.0,0.0,23.1,0.0,1300.0,1309.0,1350.5,,"Belum breakout dari MA20 (masih di bawah/menekan) | N/A (belum ada breakout) | Close -0.69% vs MA5 | MA5>MA20=False, StochK=8.6, StochD=6.0"
MASB,2026-09-16,22.8,0.0,0.0,22.8,0.0,3290.0,3314.0,3373.5,,"Belum breakout dari MA20 (masih di bawah/menekan) | N/A (belum ada breakout) | Close -0.72% vs MA5 | MA5>MA20=False, StochK=19.6, StochD=6.5"
BUAH,2026-09-16,22.7,0.0,0.0,22.7,0.0,492.0,495.6,503.55,,"Belum breakout dari MA20 (masih di bawah/menekan) | N/A (belum ada breakout) | Close -0.73% vs MA5 | MA5>MA20=False, StochK=0.0, StochD=0.0"
PDES,2026-09-16,22.6,0.0,0.0,22.6,0.0,376.0,378.8,383.9,,"Belum breakout dari MA20 (masih di bawah/menekan) | N/A (belum ada breakout) | Close -0.74% vs MA5 | MA5>MA20=False, StochK=14.6, StochD=17.7 (bearish cross)"
MLIA,2026-09-16,22.6,0.0,0.0,22.6,0.0,216.0,217.6,226.2,,"Belum breakout dari MA20 (masih di bawah/menekan) | N/A (belum ada breakout) | Close -0.74% vs MA5 | MA5>MA20=False, StochK=7.9, StochD=2.6"
LPPS,2026-09-16,22.6,0.0,0.0,22.6,0.0,81.0,81.6,82.05,,"Belum breakout dari MA20 (masih di bawah/menekan) | N/A (belum ada breakout) | Close -0.74% vs MA5 | MA5>MA20=False, StochK=0.0, StochD=13.6 (bearish cross)"
OMED,2026-09-16,22.5,0.0,0.0,22.5,0.0,212.0,213.6,230.6,,"Belum breakout dari MA20 (masih di bawah/menekan) | N/A (belum ada breakout) | Close -0.75% vs MA5 | MA5>MA20=False, StochK=0.0, StochD=0.0"
RISE,2026-09-16,22.5,0.0,0.0,22.5,0.0,795.0,801.0,865.0,,"Belum breakout dari MA20 (masih di bawah/menekan) | N/A (belum ada breakout) | Close -0.75% vs MA5 | MA5>MA20=False, StochK=10.6, StochD=8.8"
BTEK,2026-09-16,22.4,7.5,0.0,0.0,14.9,11.0,11.8,10.65,,"Di atas MA20 tapi tanpa breakout impulsif yang jelas | N/A (belum ada breakout) | Close -6.78% vs MA5 | MA5>MA20=True, StochK=69.4, StochD=86.2 (bearish cross)"
PTSN,2026-09-16,22.3,7.5,0.0,0.8,14.0,440.0,408.0,324.8,,"Di atas MA20 tapi tanpa breakout impulsif yang jelas | N/A (belum ada breakout) | Close +7.84% vs MA5 | MA5>MA20=True, StochK=85.2, StochD=85.2 (bearish cross)"
ENAK,2026-09-16,22.3,0.0,0.0,21.2,1.2,224.0,226.0,234.0,,"Belum breakout dari MA20 (masih di bawah/menekan) | N/A (belum ada breakout) | Close -0.88% vs MA5 | MA5>MA20=False, StochK=34.6, StochD=26.4"
CSIS,2026-09-16,22.2,0.0,0.0,22.2,0.0,204.0,205.6,215.8,,"Belum breakout dari MA20 (masih di bawah/menekan) | N/A (belum ada breakout) | Close -0.78% vs MA5 | MA5>MA20=False, StochK=9.4, StochD=5.2"
PEVE,2026-09-16,22.2,0.0,0.0,22.2,0.0,306.0,308.4,314.0,,"Belum breakout dari MA20 (masih di bawah/menekan) | N/A (belum ada breakout) | Close -0.78% vs MA5 | MA5>MA20=False, StochK=6.2, StochD=5.9"
PSAT,2026-09-16,22.0,0.0,0.0,22.0,0.0,865.0,872.0,891.0,,"Belum breakout dari MA20 (masih di bawah/menekan) | N/A (belum ada breakout) | Close -0.80% vs MA5 | MA5>MA20=False, StochK=7.9, StochD=3.5"
KIOS,2026-09-16,22.0,0.0,0.0,22.0,0.0,99.0,99.8,99.8,,"Belum breakout dari MA20 (masih di bawah/menekan) | N/A (belum ada breakout) | Close -0.80% vs MA5 | MA5>MA20=False, StochK=15.4, StochD=17.2 (bearish cross)"
SIMP,2026-09-16,21.9,0.0,0.0,21.9,0.0,610.0,615.0,621.25,,"Belum breakout dari MA20 (masih di bawah/menekan) | N/A (belum ada breakout) | Close -0.81% vs MA5 | MA5>MA20=False, StochK=4.4, StochD=6.5 (bearish cross)"
GGRP,2026-09-16,21.8,7.5,0.0,4.3,10.0,318.0,326.4,313.8,,"Di atas MA20 tapi tanpa breakout impulsif yang jelas | N/A (belum ada breakout) | Close -2.57% vs MA5 | MA5>MA20=True, StochK=27.6, StochD=40.7 (bearish cross)"
ASSA,2026-09-16,21.7,0.0,0.0,21.7,0.0,600.0,605.0,629.25,,"Belum breakout dari MA20 (masih di bawah/menekan) | N/A (belum ada breakout) | Close -0.83% vs MA5 | MA5>MA20=False, StochK=3.6, StochD=1.2"
MAHA,2026-09-16,21.7,0.0,0.0,21.7,0.0,143.0,144.2,146.7,,"Belum breakout dari MA20 (masih di bawah/menekan) | N/A (belum ada breakout) | Close -0.83% vs MA5 | MA5>MA20=False, StochK=0.0, StochD=0.0"
VOKS,2026-09-16,21.5,7.5,0.0,0.0,14.0,312.0,275.6,242.2,,"Di atas MA20 tapi tanpa breakout impulsif yang jelas | N/A (belum ada breakout) | Close +13.21% vs MA5 | MA5>MA20=True, StochK=93.0, StochD=96.5 (bearish cross)"
SKRN,2026-09-16,21.5,7.5,0.0,0.0,14.0,398.0,412.8,396.0,,"Di atas MA20 tapi tanpa breakout impulsif yang jelas | N/A (belum ada breakout) | Close -3.59% vs MA5 | MA5>MA20=True, StochK=70.8, StochD=82.5 (bearish cross)"
IRRA,2026-09-16,21.4,0.0,0.0,21.4,0.0,368.0,371.2,375.3,,"Belum breakout dari MA20 (masih di bawah/menekan) | N/A (belum ada breakout) | Close -0.86% vs MA5 | MA5>MA20=False, StochK=3.1, StochD=8.2 (bearish cross)"
BINO,2026-09-16,21.4,0.0,0.0,11.4,10.0,116.0,118.2,117.25,,"Belum breakout dari MA20 (masih di bawah/menekan) | N/A (belum ada breakout) | Close -1.86% vs MA5 | MA5>MA20=True, StochK=0.0, StochD=22.8 (bearish cross)"
HAIS,2026-09-16,21.3,0.0,0.0,21.3,0.0,183.0,184.6,184.95,,"Belum breakout dari MA20 (masih di bawah/menekan) | N/A (belum ada breakout) | Close -0.87% vs MA5 | MA5>MA20=False, StochK=9.3, StochD=13.1 (bearish cross)"
PWON,2026-09-16,21.1,0.0,0.0,21.1,0.0,268.0,270.4,272.3,,"Belum breakout dari MA20 (masih di bawah/menekan) | N/A (belum ada breakout) | Close -0.89% vs MA5 | MA5>MA20=False, StochK=1.6, StochD=7.7 (bearish cross)"
MGLV,2026-09-16,21.1,7.5,0.0,0.2,13.4,14325.0,14765.0,12776.25,,"Di atas MA20 tapi tanpa breakout impulsif yang jelas | N/A (belum ada breakout) | Close -2.98% vs MA5 | MA5>MA20=True, StochK=57.5, StochD=71.2 (bearish cross)"
SAPX,2026-09-16,21.1,7.5,0.0,0.0,13.6,366.0,442.4,292.1,,"Di atas MA20 tapi tanpa breakout impulsif yang jelas | N/A (belum ada breakout) | Close -17.27% vs MA5 | MA5>MA20=True, StochK=58.4, StochD=81.2 (bearish cross)"
SONA,2026-09-16,21.0,0.0,0.0,21.0,0.0,2190.0,2210.0,2378.0,,"Belum breakout dari MA20 (masih di bawah/menekan) | N/A (belum ada breakout) | Close -0.90% vs MA5 | MA5>MA20=False, StochK=1.7, StochD=0.6"
CARE,2026-09-16,21.0,0.0,0.0,21.0,0.0,398.0,401.6,428.4,,"Belum breakout dari MA20 (masih di bawah/menekan) | N/A (belum ada breakout) | Close -0.90% vs MA5 | MA5>MA20=False, StochK=6.4, StochD=7.9 (bearish cross)"
ADRO,2026-09-16,20.9,0.0,0.0,20.9,0.0,2600.0,2624.0,2660.5,,"Belum breakout dari MA20 (masih di bawah/menekan) | N/A (belum ada breakout) | Close -0.91% vs MA5 | MA5>MA20=False, StochK=1.3, StochD=0.4"
BANK,2026-09-16,20.9,0.0,0.0,20.9,0.0,260.0,262.4,270.1,,"Belum breakout dari MA20 (masih di bawah/menekan) | N/A (belum ada breakout) | Close -0.91% vs MA5 | MA5>MA20=False, StochK=21.6, StochD=16.6"
ENRG,2026-09-16,20.8,7.5,0.0,0.0,13.3,1365.0,1434.0,1353.5,,"Di atas MA20 tapi tanpa breakout impulsif yang jelas | N/A (belum ada breakout) | Close -4.81% vs MA5 | MA5>MA20=True, StochK=56.2, StochD=77.2 (bearish cross)"
DYAN,2026-09-16,20.8,0.0,0.0,20.8,0.0,86.0,86.8,88.25,,"Belum breakout dari MA20 (masih di bawah/menekan) | N/A (belum ada breakout) | Close -0.92% vs MA5 | MA5>MA20=False, StochK=0.0, StochD=8.0 (bearish cross)"
CBRE,2026-09-16,20.7,0.0,0.0,10.7,10.0,710.0,724.0,715.75,,"Belum breakout dari MA20 (masih di bawah/menekan) | N/A (belum ada breakout) | Close -1.93% vs MA5 | MA5>MA20=True, StochK=21.5, StochD=37.6 (bearish cross)"
BSDE,2026-09-16,20.6,0.0,0.0,20.6,0.0,635.0,641.0,646.5,,"Belum breakout dari MA20 (masih di bawah/menekan) | N/A (belum ada breakout) | Close -0.94% vs MA5 | MA5>MA20=False, StochK=11.9, StochD=15.9 (bearish cross)"
IOTF,2026-09-16,20.6,0.0,0.0,20.6,0.0,63.0,63.6,64.6,,"Belum breakout dari MA20 (masih di bawah/menekan) | N/A (belum ada breakout) | Close -0.94% vs MA5 | MA5>MA20=False, StochK=22.3, StochD=18.4"
BOLA,2026-09-16,20.6,7.5,0.0,0.0,13.1,175.0,183.0,165.5,,"Di atas MA20 tapi tanpa breakout impulsif yang jelas | N/A (belum ada breakout) | Close -4.37% vs MA5 | MA5>MA20=True, StochK=55.1, StochD=61.8 (bearish cross)"
PGUN,2026-09-16,20.5,0.0,0.0,20.5,0.0,9400.0,9490.0,9653.75,,"Belum breakout dari MA20 (masih di bawah/menekan) | N/A (belum ada breakout) | Close -0.95% vs MA5 | MA5>MA20=False, StochK=8.8, StochD=5.4"
KREN,2026-09-16,20.5,7.5,0.0,0.0,13.0,15.0,15.6,14.2,,"Di atas MA20 tapi tanpa breakout impulsif yang jelas | N/A (belum ada breakout) | Close -3.85% vs MA5 | MA5>MA20=True, StochK=54.2, StochD=70.9 (bearish cross)"
IPCM,2026-09-16,20.4,0.0,0.0,20.4,0.0,288.0,290.8,296.7,,"Belum breakout dari MA20 (masih di bawah/menekan) | N/A (belum ada breakout) | Close -0.96% vs MA5 | MA5>MA20=False, StochK=22.6, StochD=30.1 (bearish cross)"
ANDI,2026-09-16,20.4,7.5,0.0,0.0,12.9,20.0,20.8,18.65,,"Di atas MA20 tapi tanpa breakout impulsif yang jelas | N/A (belum ada breakout) | Close -3.85% vs MA5 | MA5>MA20=True, StochK=52.8, StochD=61.1 (bearish cross)"
KONI,2026-09-16,20.3,0.0,0.0,20.3,0.0,2050.0,2070.0,2173.0,,"Belum breakout dari MA20 (masih di bawah/menekan) | N/A (belum ada breakout) | Close -0.97% vs MA5 | MA5>MA20=False, StochK=4.4, StochD=4.3"
KOCI,2026-09-16,20.2,7.5,0.0,0.0,12.7,120.0,126.8,113.1,,"Di atas MA20 tapi tanpa breakout impulsif yang jelas | N/A (belum ada breakout) | Close -5.36% vs MA5 | MA5>MA20=True, StochK=51.2, StochD=70.6 (bearish cross)"
MTDL,2026-09-16,20.2,0.0,0.0,20.2,0.0,505.0,510.0,511.75,,"Belum breakout dari MA20 (masih di bawah/menekan) | N/A (belum ada breakout) | Close -0.98% vs MA5 | MA5>MA20=False, StochK=16.5, StochD=20.7 (bearish cross)"
ITMA,2026-09-16,20.0,0.0,0.0,10.0,10.0,1470.0,1500.0,1486.25,,"Belum breakout dari MA20 (masih di bawah/menekan) | N/A (belum ada breakout) | Close -2.00% vs MA5 | MA5>MA20=True, StochK=8.1, StochD=20.0 (bearish cross)"
DOID,2026-09-16,19.9,7.5,0.0,2.4,10.0,240.0,246.8,239.4,,"Di atas MA20 tapi tanpa breakout impulsif yang jelas | N/A (belum ada breakout) | Close -2.76% vs MA5 | MA5>MA20=True, StochK=8.5, StochD=19.0 (bearish cross)"
PPRO,2026-09-16,19.9,0.0,0.0,16.8,3.0,15.0,15.2,15.85,,"Belum breakout dari MA20 (masih di bawah/menekan) | N/A (belum ada breakout) | Close -1.32% vs MA5 | MA5>MA20=False, StochK=54.3, StochD=62.2 (bearish cross)"
MITI,2026-09-16,19.9,7.5,0.0,0.0,12.4,288.0,264.8,234.6,,"Di atas MA20 tapi tanpa breakout impulsif yang jelas | N/A (belum ada breakout) | Close +8.76% vs MA5 | MA5>MA20=True, StochK=48.8, StochD=55.6 (bearish cross)"
PZZA,2026-09-16,19.9,0.0,0.0,9.9,10.0,185.0,188.8,188.45,,"Belum breakout dari MA20 (masih di bawah/menekan) | N/A (belum ada breakout) | Close -2.01% vs MA5 | MA5>MA20=True, StochK=9.2, StochD=21.3 (bearish cross)"
RICY,2026-09-16,19.8,0.0,0.0,19.8,0.0,78.0,78.8,79.25,,"Belum breakout dari MA20 (masih di bawah/menekan) | N/A (belum ada breakout) | Close -1.02% vs MA5 | MA5>MA20=False, StochK=8.6, StochD=25.4 (bearish cross)"
OKAS,2026-09-16,19.8,0.0,0.0,19.8,0.0,116.0,117.2,120.9,,"Belum breakout dari MA20 (masih di bawah/menekan) | N/A (belum ada breakout) | Close -1.02% vs MA5 | MA5>MA20=False, StochK=20.4, StochD=18.5"
FORE,2026-09-16,19.8,0.0,0.0,19.8,0.0,780.0,788.0,808.75,,"Belum breakout dari MA20 (masih di bawah/menekan) | N/A (belum ada breakout) | Close -1.02% vs MA5 | MA5>MA20=False, StochK=19.9, StochD=15.7"
IBOS,2026-09-16,19.7,7.5,0.0,2.2,10.0,91.0,93.6,90.65,,"Di atas MA20 tapi tanpa breakout impulsif yang jelas | N/A (belum ada breakout) | Close -2.78% vs MA5 | MA5>MA20=True, StochK=0.0, StochD=2.4 (bearish cross)"
WINR,2026-09-16,19.7,7.5,0.0,0.0,12.2,25.0,27.2,24.2,,"Di atas MA20 tapi tanpa breakout impulsif yang jelas | N/A (belum ada breakout) | Close -8.09% vs MA5 | MA5>MA20=True, StochK=47.5, StochD=56.4 (bearish cross)"
SUPA,2026-09-16,19.7,0.0,0.0,19.7,0.0,498.0,503.2,520.55,,"Belum breakout dari MA20 (masih di bawah/menekan) | N/A (belum ada breakout) | Close -1.03% vs MA5 | MA5>MA20=False, StochK=13.7, StochD=28.6 (bearish cross)"
MYOR,2026-09-16,19.4,0.0,0.0,19.4,0.0,1490.0,1506.0,1566.0,,"Belum breakout dari MA20 (masih di bawah/menekan) | N/A (belum ada breakout) | Close -1.06% vs MA5 | MA5>MA20=False, StochK=0.0, StochD=10.1 (bearish cross)"
FLMC,2026-09-16,19.4,7.5,0.0,0.0,11.9,116.0,128.0,102.8,,"Di atas MA20 tapi tanpa breakout impulsif yang jelas | N/A (belum ada breakout) | Close -9.38% vs MA5 | MA5>MA20=True, StochK=45.0, StochD=63.9 (bearish cross)"
WIRG,2026-09-16,19.3,7.5,0.0,0.0,11.8,76.0,78.8,75.5,,"Di atas MA20 tapi tanpa breakout impulsif yang jelas | N/A (belum ada breakout) | Close -3.55% vs MA5 | MA5>MA20=True, StochK=44.1, StochD=48.7 (bearish cross)"
NCKL,2026-09-16,19.2,0.0,0.0,19.2,0.0,920.0,930.0,949.5,,"Belum breakout dari MA20 (masih di bawah/menekan) | N/A (belum ada breakout) | Close -1.08% vs MA5 | MA5>MA20=False, StochK=2.0, StochD=1.4"
DMAS,2026-09-16,19.2,0.0,0.0,9.2,10.0,188.0,192.0,189.45,,"Belum breakout dari MA20 (masih di bawah/menekan) | N/A (belum ada breakout) | Close -2.08% vs MA5 | MA5>MA20=True, StochK=1.0, StochD=1.0"
PALM,2026-09-16,19.1,0.0,0.0,19.1,0.1,290.0,293.2,293.7,,"Belum breakout dari MA20 (masih di bawah/menekan) | N/A (belum ada breakout) | Close -1.09% vs MA5 | MA5>MA20=False, StochK=30.5, StochD=40.6 (bearish cross)"
GJTL,2026-09-16,18.8,0.0,0.0,18.8,0.0,1330.0,1345.0,1378.5,,"Belum breakout dari MA20 (masih di bawah/menekan) | N/A (belum ada breakout) | Close -1.12% vs MA5 | MA5>MA20=False, StochK=5.3, StochD=6.7 (bearish cross)"
BNLI,2026-09-16,18.7,0.0,0.0,18.7,0.0,2100.0,2124.0,2149.0,,"Belum breakout dari MA20 (masih di bawah/menekan) | N/A (belum ada breakout) | Close -1.13% vs MA5 | MA5>MA20=False, StochK=0.0, StochD=13.5 (bearish cross)"
PPRE,2026-09-16,18.6,0.0,0.0,18.6,0.0,104.0,105.2,106.2,,"Belum breakout dari MA20 (masih di bawah/menekan) | N/A (belum ada breakout) | Close -1.14% vs MA5 | MA5>MA20=False, StochK=21.9, StochD=28.8 (bearish cross)"
GPRA,2026-09-16,18.5,0.0,0.0,18.5,0.0,103.0,104.2,108.25,,"Belum breakout dari MA20 (masih di bawah/menekan) | N/A (belum ada breakout) | Close -1.15% vs MA5 | MA5>MA20=False, StochK=7.5, StochD=10.0 (bearish cross)"
RUNS,2026-09-16,18.4,7.5,0.0,0.0,10.9,68.0,71.0,67.6,,"Di atas MA20 tapi tanpa breakout impulsif yang jelas | N/A (belum ada breakout) | Close -4.23% vs MA5 | MA5>MA20=True, StochK=37.0, StochD=44.9 (bearish cross)"
BMRI,2026-09-16,18.4,0.0,0.0,8.4,10.0,4260.0,4354.0,4308.0,,"Belum breakout dari MA20 (masih di bawah/menekan) | N/A (belum ada breakout) | Close -2.16% vs MA5 | MA5>MA20=True, StochK=24.8, StochD=39.1 (bearish cross)"
MERI,2026-09-16,18.3,0.0,0.0,18.3,0.0,118.0,119.4,121.3,,"Belum breakout dari MA20 (masih di bawah/menekan) | N/A (belum ada breakout) | Close -1.17% vs MA5 | MA5>MA20=False, StochK=22.7, StochD=13.5"
ASMI,2026-09-16,18.0,0.0,0.0,16.8,1.2,15.0,15.2,15.55,,"Belum breakout dari MA20 (masih di bawah/menekan) | N/A (belum ada breakout) | Close -1.32% vs MA5 | MA5>MA20=False, StochK=39.4, StochD=42.5 (bearish cross)"
BBRM,2026-09-16,18.0,7.5,0.0,0.0,10.5,119.0,123.0,118.75,,"Di atas MA20 tapi tanpa breakout impulsif yang jelas | N/A (belum ada breakout) | Close -3.25% vs MA5 | MA5>MA20=True, StochK=34.0, StochD=48.5 (bearish cross)"
AMAN,2026-09-16,17.9,0.0,0.0,15.8,2.1,222.0,225.2,229.1,,"Belum breakout dari MA20 (masih di bawah/menekan) | N/A (belum ada breakout) | Close -1.42% vs MA5 | MA5>MA20=False, StochK=46.6, StochD=57.5 (bearish cross)"
WMPP,2026-09-16,17.9,0.0,0.0,16.4,1.5,29.0,29.4,30.3,,"Belum breakout dari MA20 (masih di bawah/menekan) | N/A (belum ada breakout) | Close -1.36% vs MA5 | MA5>MA20=False, StochK=42.3, StochD=46.3 (bearish cross)"
LTLS,2026-09-16,17.8,7.5,0.0,0.0,10.3,975.0,1036.0,918.25,,"Di atas MA20 tapi tanpa breakout impulsif yang jelas | N/A (belum ada breakout) | Close -5.89% vs MA5 | MA5>MA20=True, StochK=32.4, StochD=55.1 (bearish cross)"
ACRO,2026-09-16,17.7,0.0,0.0,17.7,0.0,64.0,64.8,65.0,,"Belum breakout dari MA20 (masih di bawah/menekan) | N/A (belum ada breakout) | Close -1.23% vs MA5 | MA5>MA20=False, StochK=6.0, StochD=5.0"
BLTA,2026-09-16,17.7,0.0,0.0,17.7,0.0,32.0,32.4,32.6,,"Belum breakout dari MA20 (masih di bawah/menekan) | N/A (belum ada breakout) | Close -1.23% vs MA5 | MA5>MA20=False, StochK=28.5, StochD=42.2 (bearish cross)"
TFCO,2026-09-15,17.7,0.0,0.0,17.7,0.0,800.0,810.0,864.5,,"Belum breakout dari MA20 (masih di bawah/menekan) | N/A (belum ada breakout) | Close -1.23% vs MA5 | MA5>MA20=False, StochK=0.0, StochD=1.6 (bearish cross)"
SAMF,2026-09-16,17.5,7.5,0.0,0.0,10.0,308.0,320.0,306.4,,"Di atas MA20 tapi tanpa breakout impulsif yang jelas | N/A (belum ada breakout) | Close -3.75% vs MA5 | MA5>MA20=True, StochK=8.8, StochD=42.1 (bearish cross)"
UANG,2026-09-16,17.5,7.5,0.0,0.0,10.0,4210.0,3802.0,3178.0,,"Di atas MA20 tapi tanpa breakout impulsif yang jelas | N/A (belum ada breakout) | Close +10.73% vs MA5 | MA5>MA20=True, StochK=25.1, StochD=32.2 (bearish cross)"
NZIA,2026-09-16,17.5,7.5,0.0,0.0,10.0,181.0,190.8,170.75,,"Di atas MA20 tapi tanpa breakout impulsif yang jelas | N/A (belum ada breakout) | Close -5.14% vs MA5 | MA5>MA20=True, StochK=23.5, StochD=29.8 (bearish cross)"
BWPT,2026-09-16,17.5,7.5,0.0,0.0,10.0,120.0,124.4,117.5,,"Di atas MA20 tapi tanpa breakout impulsif yang jelas | N/A (belum ada breakout) | Close -3.54% vs MA5 | MA5>MA20=True, StochK=14.2, StochD=27.3 (bearish cross)"
ASLI,2026-09-16,17.5,7.5,0.0,0.0,10.0,360.0,385.2,327.0,,"Di atas MA20 tapi tanpa breakout impulsif yang jelas | N/A (belum ada breakout) | Close -6.54% vs MA5 | MA5>MA20=True, StochK=20.2, StochD=49.1 (bearish cross)"
ACST,2026-09-16,17.5,7.5,0.0,0.0,10.0,106.0,112.0,96.15,,"Di atas MA20 tapi tanpa breakout impulsif yang jelas | N/A (belum ada breakout) | Close -5.36% vs MA5 | MA5>MA20=True, StochK=18.3, StochD=33.8 (bearish cross)"
JAYA,2026-09-16,17.5,7.5,0.0,0.0,10.0,174.0,159.6,147.55,,"Di atas MA20 tapi tanpa breakout impulsif yang jelas | N/A (belum ada breakout) | Close +9.02% vs MA5 | MA5>MA20=True, StochK=13.9, StochD=10.1"
FITT,2026-09-16,17.5,7.5,0.0,0.0,10.0,430.0,446.8,420.1,,"Di atas MA20 tapi tanpa breakout impulsif yang jelas | N/A (belum ada breakout) | Close -3.76% vs MA5 | MA5>MA20=True, StochK=28.9, StochD=33.7 (bearish cross)"
NATO,2026-09-16,17.5,7.5,0.0,0.0,10.0,980.0,1015.0,908.0,,"Di atas MA20 tapi tanpa breakout impulsif yang jelas | N/A (belum ada breakout) | Close -3.45% vs MA5 | MA5>MA20=True, StochK=3.0, StochD=5.5 (bearish cross)"
NIKL,2026-09-16,17.5,7.5,0.0,0.0,10.0,218.0,226.0,213.1,,"Di atas MA20 tapi tanpa breakout impulsif yang jelas | N/A (belum ada breakout) | Close -3.54% vs MA5 | MA5>MA20=True, StochK=17.3, StochD=27.2 (bearish cross)"
CUAN,2026-09-16,17.5,7.5,0.0,0.0,10.0,900.0,938.0,883.5,,"Di atas MA20 tapi tanpa breakout impulsif yang jelas | N/A (belum ada breakout) | Close -4.05% vs MA5 | MA5>MA20=True, StochK=24.2, StochD=46.5 (bearish cross)"
PLAN,2026-09-16,17.5,7.5,0.0,0.0,10.0,62.0,66.4,54.8,,"Di atas MA20 tapi tanpa breakout impulsif yang jelas | N/A (belum ada breakout) | Close -6.63% vs MA5 | MA5>MA20=True, StochK=0.0, StochD=8.6 (bearish cross)"
LION,2026-09-16,17.3,0.0,0.0,7.3,10.0,362.0,370.4,365.9,,"Belum breakout dari MA20 (masih di bawah/menekan) | N/A (belum ada breakout) | Close -2.27% vs MA5 | MA5>MA20=True, StochK=1.6, StochD=10.5 (bearish cross)"
DAAZ,2026-09-16,17.2,0.0,0.0,16.6,0.5,1625.0,1647.0,1681.0,,"Belum breakout dari MA20 (masih di bawah/menekan) | N/A (belum ada breakout) | Close -1.34% vs MA5 | MA5>MA20=False, StochK=34.4, StochD=37.0 (bearish cross)"
SMRA,2026-09-16,17.1,11.0,6.1,0.0,0.0,288.0,314.4,322.0,2026-09-03,"Breakout body=1.82x avg, vol=1.84x avg (2026-09-03) | Koreksi body=0.86x, vol=1.70x candle breakout (9 candle) | Close -8.40% vs MA5 | MA5>MA20=False, StochK=21.3, StochD=42.5 (bearish cross)"
SATU,2026-09-16,17.0,0.0,0.0,15.2,1.8,240.0,243.6,246.7,,"Belum breakout dari MA20 (masih di bawah/menekan) | N/A (belum ada breakout) | Close -1.48% vs MA5 | MA5>MA20=False, StochK=44.2, StochD=60.6 (bearish cross)"
BBSI,2026-09-16,16.9,0.0,0.0,16.9,0.0,4520.0,4580.0,4650.0,,"Belum breakout dari MA20 (masih di bawah/menekan) | N/A (belum ada breakout) | Close -1.31% vs MA5 | MA5>MA20=False, StochK=0.0, StochD=0.0"
BATR,2026-09-16,16.8,0.0,0.0,16.8,0.0,90.0,91.2,93.65,,"Belum breakout dari MA20 (masih di bawah/menekan) | N/A (belum ada breakout) | Close -1.32% vs MA5 | MA5>MA20=False, StochK=13.9, StochD=9.2"
AMFG,2026-09-16,16.7,0.0,0.0,16.0,0.6,3250.0,3296.0,3321.5,,"Belum breakout dari MA20 (masih di bawah/menekan) | N/A (belum ada breakout) | Close -1.40% vs MA5 | MA5>MA20=False, StochK=35.0, StochD=40.3 (bearish cross)"
BVIC,2026-09-16,16.6,0.0,0.0,6.6,10.0,92.0,94.2,94.05,,"Belum breakout dari MA20 (masih di bawah/menekan) | N/A (belum ada breakout) | Close -2.34% vs MA5 | MA5>MA20=True, StochK=8.7, StochD=29.7 (bearish cross)"
SOTS,2026-09-16,16.6,0.0,0.0,16.6,0.0,590.0,598.0,618.0,,"Belum breakout dari MA20 (masih di bawah/menekan) | N/A (belum ada breakout) | Close -1.34% vs MA5 | MA5>MA20=False, StochK=0.0, StochD=3.0 (bearish cross)"
ISAT,2026-09-16,16.6,0.0,0.0,16.6,0.0,2360.0,2392.0,2473.0,,"Belum breakout dari MA20 (masih di bawah/menekan) | N/A (belum ada breakout) | Close -1.34% vs MA5 | MA5>MA20=False, StochK=6.6, StochD=11.6 (bearish cross)"
MLPL,2026-09-16,16.5,0.0,0.0,16.5,0.0,88.0,89.2,92.25,,"Belum breakout dari MA20 (masih di bawah/menekan) | N/A (belum ada breakout) | Close -1.35% vs MA5 | MA5>MA20=False, StochK=0.0, StochD=0.0"
BACA,2026-09-16,16.4,0.0,0.0,16.4,0.0,116.0,117.6,118.4,,"Belum breakout dari MA20 (masih di bawah/menekan) | N/A (belum ada breakout) | Close -1.36% vs MA5 | MA5>MA20=False, StochK=2.7, StochD=7.4 (bearish cross)"
MPRO,2026-09-16,15.9,0.0,0.0,15.9,0.0,11850.0,12020.0,12280.0,,"Belum breakout dari MA20 (masih di bawah/menekan) | N/A (belum ada breakout) | Close -1.41% vs MA5 | MA5>MA20=False, StochK=29.6, StochD=33.2 (bearish cross)"
NPGF,2026-09-16,15.9,0.0,0.0,15.9,0.0,56.0,56.8,57.85,,"Belum breakout dari MA20 (masih di bawah/menekan) | N/A (belum ada breakout) | Close -1.41% vs MA5 | MA5>MA20=False, StochK=11.3, StochD=24.6 (bearish cross)"
IPCC,2026-09-16,15.7,0.0,0.0,15.7,0.0,1105.0,1121.0,1144.0,,"Belum breakout dari MA20 (masih di bawah/menekan) | N/A (belum ada breakout) | Close -1.43% vs MA5 | MA5>MA20=False, StochK=0.0, StochD=0.0"
ARTA,2026-09-16,15.6,0.0,0.0,15.0,0.6,2230.0,2264.0,2280.0,,"Belum breakout dari MA20 (masih di bawah/menekan) | N/A (belum ada breakout) | Close -1.50% vs MA5 | MA5>MA20=False, StochK=34.6, StochD=40.7 (bearish cross)"
INOV,2026-09-16,15.5,0.0,0.0,15.5,0.0,136.0,138.0,140.9,,"Belum breakout dari MA20 (masih di bawah/menekan) | N/A (belum ada breakout) | Close -1.45% vs MA5 | MA5>MA20=False, StochK=0.0, StochD=1.3 (bearish cross)"
SRTG,2026-09-16,15.5,0.0,0.0,15.5,0.0,1770.0,1796.0,1850.25,,"Belum breakout dari MA20 (masih di bawah/menekan) | N/A (belum ada breakout) | Close -1.45% vs MA5 | MA5>MA20=False, StochK=0.4, StochD=2.8 (bearish cross)"
NRCA,2026-09-16,15.4,0.0,0.0,15.4,0.0,540.0,548.0,569.0,,"Belum breakout dari MA20 (masih di bawah/menekan) | N/A (belum ada breakout) | Close -1.46% vs MA5 | MA5>MA20=False, StochK=0.0, StochD=0.0"
SUNI,2026-09-16,15.4,0.0,0.0,15.4,0.0,675.0,685.0,703.5,,"Belum breakout dari MA20 (masih di bawah/menekan) | N/A (belum ada breakout) | Close -1.46% vs MA5 | MA5>MA20=False, StochK=16.8, StochD=13.3"
TIRA,2026-09-16,14.9,0.0,0.0,14.0,0.8,394.0,400.4,409.8,,"Belum breakout dari MA20 (masih di bawah/menekan) | N/A (belum ada breakout) | Close -1.60% vs MA5 | MA5>MA20=False, StochK=36.8, StochD=51.0 (bearish cross)"
CITY,2026-09-16,14.9,0.0,0.0,4.9,10.0,179.0,183.6,180.9,,"Belum breakout dari MA20 (masih di bawah/menekan) | N/A (belum ada breakout) | Close -2.51% vs MA5 | MA5>MA20=True, StochK=8.1, StochD=15.3 (bearish cross)"
SCMA,2026-09-16,14.8,0.0,0.0,14.8,0.0,195.0,198.0,204.1,,"Belum breakout dari MA20 (masih di bawah/menekan) | N/A (belum ada breakout) | Close -1.52% vs MA5 | MA5>MA20=False, StochK=0.0, StochD=3.3 (bearish cross)"
BEER,2026-09-16,14.7,0.0,0.0,14.7,0.0,77.0,78.2,80.45,,"Belum breakout dari MA20 (masih di bawah/menekan) | N/A (belum ada breakout) | Close -1.53% vs MA5 | MA5>MA20=False, StochK=0.8, StochD=11.0 (bearish cross)"
JSMR,2026-09-16,14.6,0.0,0.0,4.6,10.0,2840.0,2914.0,2898.5,,"Belum breakout dari MA20 (masih di bawah/menekan) | N/A (belum ada breakout) | Close -2.54% vs MA5 | MA5>MA20=True, StochK=8.4, StochD=23.7 (bearish cross)"
SOLA,2026-09-16,14.5,0.0,0.0,14.5,0.0,89.0,90.4,91.7,,"Belum breakout dari MA20 (masih di bawah/menekan) | N/A (belum ada breakout) | Close -1.55% vs MA5 | MA5>MA20=False, StochK=12.3, StochD=23.6 (bearish cross)"
SGRO,2026-09-16,14.5,0.0,0.0,14.5,0.0,4710.0,4784.0,4853.75,,"Belum breakout dari MA20 (masih di bawah/menekan) | N/A (belum ada breakout) | Close -1.55% vs MA5 | MA5>MA20=False, StochK=2.6, StochD=2.6"
BLES,2026-09-16,14.5,0.0,0.0,0.0,14.5,197.0,207.0,203.8,,"Belum breakout dari MA20 (masih di bawah/menekan) | N/A (belum ada breakout) | Close -4.83% vs MA5 | MA5>MA20=True, StochK=65.7, StochD=80.1 (bearish cross)"
BALI,2026-09-16,14.4,0.0,0.0,4.4,10.0,1295.0,1329.0,1321.5,,"Belum breakout dari MA20 (masih di bawah/menekan) | N/A (belum ada breakout) | Close -2.56% vs MA5 | MA5>MA20=True, StochK=4.4, StochD=16.0 (bearish cross)"
PICO,2026-09-16,14.4,0.0,0.0,14.4,0.0,177.0,179.8,181.8,,"Belum breakout dari MA20 (masih di bawah/menekan) | N/A (belum ada breakout) | Close -1.56% vs MA5 | MA5>MA20=False, StochK=4.1, StochD=2.8"
MICE,2026-09-16,14.3,0.0,0.0,4.3,10.0,530.0,544.0,543.5,,"Belum breakout dari MA20 (masih di bawah/menekan) | N/A (belum ada breakout) | Close -2.57% vs MA5 | MA5>MA20=True, StochK=8.5, StochD=14.1 (bearish cross)"
SULI,2026-09-16,14.0,0.0,0.0,14.0,0.0,86.0,87.4,89.8,,"Belum breakout dari MA20 (masih di bawah/menekan) | N/A (belum ada breakout) | Close -1.60% vs MA5 | MA5>MA20=False, StochK=5.7, StochD=7.1 (bearish cross)"
CGAS,2026-09-16,13.7,0.0,0.0,13.7,0.0,145.0,147.4,150.1,,"Belum breakout dari MA20 (masih di bawah/menekan) | N/A (belum ada breakout) | Close -1.63% vs MA5 | MA5>MA20=False, StochK=0.0, StochD=4.5 (bearish cross)"
PEHA,2026-09-16,13.6,0.0,0.0,13.6,0.0,288.0,292.8,295.9,,"Belum breakout dari MA20 (masih di bawah/menekan) | N/A (belum ada breakout) | Close -1.64% vs MA5 | MA5>MA20=False, StochK=2.9, StochD=5.0 (bearish cross)"
TBIG,2026-09-16,13.6,0.0,0.0,13.6,0.0,1435.0,1459.0,1472.0,,"Belum breakout dari MA20 (masih di bawah/menekan) | N/A (belum ada breakout) | Close -1.64% vs MA5 | MA5>MA20=False, StochK=5.3, StochD=4.0"
LAND,2026-09-16,13.6,0.0,0.0,13.6,0.0,72.0,73.2,74.15,,"Belum breakout dari MA20 (masih di bawah/menekan) | N/A (belum ada breakout) | Close -1.64% vs MA5 | MA5>MA20=False, StochK=2.1, StochD=22.3 (bearish cross)"
GZCO,2026-09-16,13.5,0.0,0.0,3.5,10.0,184.0,189.0,188.65,,"Belum breakout dari MA20 (masih di bawah/menekan) | N/A (belum ada breakout) | Close -2.65% vs MA5 | MA5>MA20=True, StochK=10.3, StochD=20.3 (bearish cross)"
MHKI,2026-09-16,13.4,0.0,0.0,13.4,0.0,130.0,132.2,140.5,,"Belum breakout dari MA20 (masih di bawah/menekan) | N/A (belum ada breakout) | Close -1.66% vs MA5 | MA5>MA20=False, StochK=7.6, StochD=4.2"
AGRS,2026-09-16,13.3,0.0,0.0,13.3,0.0,59.0,60.0,61.35,,"Belum breakout dari MA20 (masih di bawah/menekan) | N/A (belum ada breakout) | Close -1.67% vs MA5 | MA5>MA20=False, StochK=2.2, StochD=6.1 (bearish cross)"
IMAS,2026-09-16,13.2,0.0,0.0,13.2,0.0,880.0,895.0,899.5,,"Belum breakout dari MA20 (masih di bawah/menekan) | N/A (belum ada breakout) | Close -1.68% vs MA5 | MA5>MA20=False, StochK=4.1, StochD=4.9 (bearish cross)"
CBDK,2026-09-16,13.0,0.0,0.0,13.0,0.0,3710.0,3774.0,3877.5,,"Belum breakout dari MA20 (masih di bawah/menekan) | N/A (belum ada breakout) | Close -1.70% vs MA5 | MA5>MA20=False, StochK=1.0, StochD=2.5 (bearish cross)"
KDTN,2026-09-16,12.9,0.0,0.0,0.5,12.4,382.0,393.6,386.7,,"Belum breakout dari MA20 (masih di bawah/menekan) | N/A (belum ada breakout) | Close -2.95% vs MA5 | MA5>MA20=True, StochK=49.2, StochD=57.8 (bearish cross)"
VERN,2026-09-16,12.5,0.0,0.0,12.5,0.0,224.0,228.0,238.0,,"Belum breakout dari MA20 (masih di bawah/menekan) | N/A (belum ada breakout) | Close -1.75% vs MA5 | MA5>MA20=False, StochK=0.0, StochD=1.6 (bearish cross)"
TRIN,2026-09-16,12.5,0.0,0.0,0.0,12.5,366.0,402.4,366.6,,"Belum breakout dari MA20 (masih di bawah/menekan) | N/A (belum ada breakout) | Close -9.05% vs MA5 | MA5>MA20=True, StochK=50.1, StochD=71.7 (bearish cross)"
WOWS,2026-09-16,12.5,0.0,0.0,12.5,0.0,56.0,57.0,59.3,,"Belum breakout dari MA20 (masih di bawah/menekan) | N/A (belum ada breakout) | Close -1.75% vs MA5 | MA5>MA20=False, StochK=11.1, StochD=6.2"
ROCK,2026-09-16,12.4,0.0,0.0,12.4,0.0,2010.0,2046.0,2076.0,,"Belum breakout dari MA20 (masih di bawah/menekan) | N/A (belum ada breakout) | Close -1.76% vs MA5 | MA5>MA20=False, StochK=24.0, StochD=27.6 (bearish cross)"
BBTN,2026-09-16,12.4,0.0,0.0,12.4,0.0,1170.0,1191.0,1218.0,,"Belum breakout dari MA20 (masih di bawah/menekan) | N/A (belum ada breakout) | Close -1.76% vs MA5 | MA5>MA20=False, StochK=26.2, StochD=21.9"
CTRA,2026-09-16,12.0,0.0,0.0,12.0,0.0,600.0,611.0,623.75,,"Belum breakout dari MA20 (masih di bawah/menekan) | N/A (belum ada breakout) | Close -1.80% vs MA5 | MA5>MA20=False, StochK=0.0, StochD=0.0"
ITIC,2026-09-16,11.8,0.0,0.0,11.8,0.0,216.0,220.0,224.4,,"Belum breakout dari MA20 (masih di bawah/menekan) | N/A (belum ada breakout) | Close -1.82% vs MA5 | MA5>MA20=False, StochK=0.0, StochD=0.0"
DGWG,2026-09-16,11.8,0.0,0.0,11.8,0.0,324.0,330.0,340.5,,"Belum breakout dari MA20 (masih di bawah/menekan) | N/A (belum ada breakout) | Close -1.82% vs MA5 | MA5>MA20=False, StochK=1.8, StochD=1.2"
EKAD,2026-09-16,11.5,0.0,0.0,1.5,10.0,396.0,407.6,396.7,,"Belum breakout dari MA20 (masih di bawah/menekan) | N/A (belum ada breakout) | Close -2.85% vs MA5 | MA5>MA20=True, StochK=1.2, StochD=1.5 (bearish cross)"
IKPM,2026-09-16,11.4,0.0,0.0,11.4,0.0,179.0,182.4,191.25,,"Belum breakout dari MA20 (masih di bawah/menekan) | N/A (belum ada breakout) | Close -1.86% vs MA5 | MA5>MA20=False, StochK=3.8, StochD=3.8"
AREA,2026-09-16,11.2,0.0,0.0,11.2,0.0,314.0,320.0,325.3,,"Belum breakout dari MA20 (masih di bawah/menekan) | N/A (belum ada breakout) | Close -1.88% vs MA5 | MA5>MA20=False, StochK=5.8, StochD=4.7"
SAGE,2026-09-16,10.6,0.0,0.0,0.0,10.6,30.0,31.2,30.2,,"Belum breakout dari MA20 (masih di bawah/menekan) | N/A (belum ada breakout) | Close -3.85% vs MA5 | MA5>MA20=True, StochK=35.0, StochD=48.3 (bearish cross)"
GPSO,2026-09-16,10.4,0.0,0.0,10.4,0.0,280.0,285.6,293.1,,"Belum breakout dari MA20 (masih di bawah/menekan) | N/A (belum ada breakout) | Close -1.96% vs MA5 | MA5>MA20=False, StochK=17.0, StochD=19.8 (bearish cross)"
DRMA,2026-09-16,10.1,0.0,0.0,10.1,0.0,985.0,1005.0,1009.25,,"Belum breakout dari MA20 (masih di bawah/menekan) | N/A (belum ada breakout) | Close -1.99% vs MA5 | MA5>MA20=False, StochK=0.0, StochD=4.5 (bearish cross)"
LPKR,2026-09-16,10.1,0.0,0.0,10.1,0.0,59.0,60.2,62.1,,"Belum breakout dari MA20 (masih di bawah/menekan) | N/A (belum ada breakout) | Close -1.99% vs MA5 | MA5>MA20=False, StochK=0.0, StochD=0.0"
CHEM,2026-09-16,10.1,0.0,0.0,10.1,0.0,69.0,70.4,70.5,,"Belum breakout dari MA20 (masih di bawah/menekan) | N/A (belum ada breakout) | Close -1.99% vs MA5 | MA5>MA20=False, StochK=7.3, StochD=27.8 (bearish cross)"
CASA,2026-09-16,10.0,0.0,0.0,0.0,10.0,1805.0,1865.0,1825.75,,"Belum breakout dari MA20 (masih di bawah/menekan) | N/A (belum ada breakout) | Close -3.22% vs MA5 | MA5>MA20=True, StochK=17.3, StochD=39.3 (bearish cross)"
SSMS,2026-09-16,10.0,0.0,0.0,0.0,10.0,1040.0,1127.0,1052.25,,"Belum breakout dari MA20 (masih di bawah/menekan) | N/A (belum ada breakout) | Close -7.72% vs MA5 | MA5>MA20=True, StochK=15.3, StochD=36.5 (bearish cross)"
PTPS,2026-09-16,10.0,0.0,0.0,0.0,10.0,155.0,161.2,160.8,,"Belum breakout dari MA20 (masih di bawah/menekan) | N/A (belum ada breakout) | Close -3.85% vs MA5 | MA5>MA20=True, StochK=10.8, StochD=27.3 (bearish cross)"
BUMI,2026-09-16,10.0,0.0,0.0,0.0,10.0,202.0,208.4,203.6,,"Belum breakout dari MA20 (masih di bawah/menekan) | N/A (belum ada breakout) | Close -3.07% vs MA5 | MA5>MA20=True, StochK=5.5, StochD=16.2 (bearish cross)"
APEX,2026-09-16,10.0,0.0,0.0,0.0,10.0,192.0,200.4,196.85,,"Belum breakout dari MA20 (masih di bawah/menekan) | N/A (belum ada breakout) | Close -4.19% vs MA5 | MA5>MA20=True, StochK=11.1, StochD=27.7 (bearish cross)"
HYGN,2026-09-16,10.0,0.0,0.0,0.0,10.0,184.0,191.6,184.1,,"Belum breakout dari MA20 (masih di bawah/menekan) | N/A (belum ada breakout) | Close -3.97% vs MA5 | MA5>MA20=True, StochK=17.4, StochD=50.7 (bearish cross)"
CENT,2026-09-16,10.0,0.0,0.0,0.0,10.0,104.0,107.4,104.05,,"Belum breakout dari MA20 (masih di bawah/menekan) | N/A (belum ada breakout) | Close -3.17% vs MA5 | MA5>MA20=True, StochK=10.3, StochD=9.4"
PSDN,2026-09-16,10.0,0.0,0.0,0.0,10.0,132.0,137.4,136.6,,"Belum breakout dari MA20 (masih di bawah/menekan) | N/A (belum ada breakout) | Close -3.93% vs MA5 | MA5>MA20=True, StochK=4.7, StochD=21.4 (bearish cross)"
PTRO,2026-09-16,10.0,0.0,0.0,0.0,10.0,5075.0,5280.0,5245.0,,"Belum breakout dari MA20 (masih di bawah/menekan) | N/A (belum ada breakout) | Close -3.88% vs MA5 | MA5>MA20=True, StochK=14.6, StochD=40.8 (bearish cross)"
INPC,2026-09-16,10.0,0.0,0.0,0.0,10.0,151.0,157.4,156.0,,"Belum breakout dari MA20 (masih di bawah/menekan) | N/A (belum ada breakout) | Close -4.07% vs MA5 | MA5>MA20=True, StochK=1.6, StochD=8.0 (bearish cross)"
NANO,2026-09-16,10.0,0.0,0.0,0.0,10.0,34.0,35.2,34.25,,"Belum breakout dari MA20 (masih di bawah/menekan) | N/A (belum ada breakout) | Close -3.41% vs MA5 | MA5>MA20=True, StochK=14.8, StochD=35.3 (bearish cross)"
PJHB,2026-09-16,10.0,0.0,0.0,10.0,0.0,176.0,179.6,183.3,,"Belum breakout dari MA20 (masih di bawah/menekan) | N/A (belum ada breakout) | Close -2.00% vs MA5 | MA5>MA20=False, StochK=0.0, StochD=0.0"
CSMI,2026-09-16,10.0,0.0,0.0,0.0,10.0,176.0,194.6,179.2,,"Belum breakout dari MA20 (masih di bawah/menekan) | N/A (belum ada breakout) | Close -9.56% vs MA5 | MA5>MA20=True, StochK=0.0, StochD=33.3 (bearish cross)"
INDY,2026-09-16,10.0,0.0,0.0,0.0,10.0,2700.0,2788.0,2771.0,,"Belum breakout dari MA20 (masih di bawah/menekan) | N/A (belum ada breakout) | Close -3.16% vs MA5 | MA5>MA20=True, StochK=0.0, StochD=1.4 (bearish cross)"
MIKA,2026-09-16,9.7,0.0,0.0,9.7,0.0,1790.0,1827.0,1860.0,,"Belum breakout dari MA20 (masih di bawah/menekan) | N/A (belum ada breakout) | Close -2.03% vs MA5 | MA5>MA20=False, StochK=9.4, StochD=15.6 (bearish cross)"
HRTA,2026-09-16,9.6,0.0,0.0,9.6,0.0,2110.0,2154.0,2253.5,,"Belum breakout dari MA20 (masih di bawah/menekan) | N/A (belum ada breakout) | Close -2.04% vs MA5 | MA5>MA20=False, StochK=4.0, StochD=2.7"
DILD,2026-09-16,9.6,0.0,0.0,9.6,0.0,115.0,117.4,119.8,,"Belum breakout dari MA20 (masih di bawah/menekan) | N/A (belum ada breakout) | Close -2.04% vs MA5 | MA5>MA20=False, StochK=0.0, StochD=0.1 (bearish cross)"
PGJO,2026-09-16,9.6,0.0,0.0,9.6,0.0,865.0,883.0,910.0,,"Belum breakout dari MA20 (masih di bawah/menekan) | N/A (belum ada breakout) | Close -2.04% vs MA5 | MA5>MA20=False, StochK=8.7, StochD=6.5"
EXCL,2026-09-16,9.2,0.0,0.0,9.2,0.0,2540.0,2594.0,2718.5,,"Belum breakout dari MA20 (masih di bawah/menekan) | N/A (belum ada breakout) | Close -2.08% vs MA5 | MA5>MA20=False, StochK=0.0, StochD=0.0"
EMTK,2026-09-16,9.0,0.0,0.0,9.0,0.0,484.0,494.4,515.1,,"Belum breakout dari MA20 (masih di bawah/menekan) | N/A (belum ada breakout) | Close -2.10% vs MA5 | MA5>MA20=False, StochK=0.5, StochD=4.3 (bearish cross)"
MAPA,2026-09-16,8.8,0.0,0.0,8.8,0.0,645.0,659.0,683.0,,"Belum breakout dari MA20 (masih di bawah/menekan) | N/A (belum ada breakout) | Close -2.12% vs MA5 | MA5>MA20=False, StochK=0.0, StochD=2.5 (bearish cross)"
FAST,2026-09-16,8.0,0.0,0.0,8.0,0.0,426.0,435.6,459.3,,"Belum breakout dari MA20 (masih di bawah/menekan) | N/A (belum ada breakout) | Close -2.20% vs MA5 | MA5>MA20=False, StochK=0.0, StochD=0.0"
DAYA,2026-09-16,7.7,0.0,0.0,7.7,0.0,1050.0,1074.0,1090.0,,"Belum breakout dari MA20 (masih di bawah/menekan) | N/A (belum ada breakout) | Close -2.23% vs MA5 | MA5>MA20=False, StochK=0.0, StochD=1.3 (bearish cross)"
YPAS,2026-09-16,7.6,0.0,0.0,7.6,0.0,1310.0,1340.0,1431.25,,"Belum breakout dari MA20 (masih di bawah/menekan) | N/A (belum ada breakout) | Close -2.24% vs MA5 | MA5>MA20=False, StochK=22.0, StochD=20.9"
RMKE,2026-09-16,7.5,0.0,0.0,7.5,0.0,400.0,409.2,421.5,,"Belum breakout dari MA20 (masih di bawah/menekan) | N/A (belum ada breakout) | Close -2.25% vs MA5 | MA5>MA20=False, StochK=5.6, StochD=7.5 (bearish cross)"
TPIA,2026-09-16,7.5,0.0,0.0,7.5,0.0,1825.0,1867.0,1944.75,,"Belum breakout dari MA20 (masih di bawah/menekan) | N/A (belum ada breakout) | Close -2.25% vs MA5 | MA5>MA20=False, StochK=0.0, StochD=3.8 (bearish cross)"
PADI,2026-09-16,7.3,0.0,0.0,7.3,0.0,69.0,70.6,72.1,,"Belum breakout dari MA20 (masih di bawah/menekan) | N/A (belum ada breakout) | Close -2.27% vs MA5 | MA5>MA20=False, StochK=0.3, StochD=4.3 (bearish cross)"
RLCO,2026-09-16,6.9,0.0,0.0,6.9,0.0,4310.0,4412.0,4461.0,,"Belum breakout dari MA20 (masih di bawah/menekan) | N/A (belum ada breakout) | Close -2.31% vs MA5 | MA5>MA20=False, StochK=6.3, StochD=19.5 (bearish cross)"
BYAN,2026-09-16,6.8,0.0,0.0,6.8,0.0,11350.0,11620.0,13816.25,,"Belum breakout dari MA20 (masih di bawah/menekan) | N/A (belum ada breakout) | Close -2.32% vs MA5 | MA5>MA20=False, StochK=12.2, StochD=4.1"
BELI,2026-09-16,6.8,0.0,0.0,6.8,0.0,286.0,292.8,297.8,,"Belum breakout dari MA20 (masih di bawah/menekan) | N/A (belum ada breakout) | Close -2.32% vs MA5 | MA5>MA20=False, StochK=4.7, StochD=9.0 (bearish cross)"
BABY,2026-09-16,6.8,0.0,0.0,6.8,0.0,202.0,206.8,212.1,,"Belum breakout dari MA20 (masih di bawah/menekan) | N/A (belum ada breakout) | Close -2.32% vs MA5 | MA5>MA20=False, StochK=5.9, StochD=18.9 (bearish cross)"
ERTX,2026-09-16,6.7,0.0,0.0,6.7,0.0,176.0,180.2,182.8,,"Belum breakout dari MA20 (masih di bawah/menekan) | N/A (belum ada breakout) | Close -2.33% vs MA5 | MA5>MA20=False, StochK=0.0, StochD=8.5 (bearish cross)"
INKP,2026-09-16,6.2,0.0,0.0,6.2,0.0,8600.0,8810.0,8871.25,,"Belum breakout dari MA20 (masih di bawah/menekan) | N/A (belum ada breakout) | Close -2.38% vs MA5 | MA5>MA20=False, StochK=0.0, StochD=0.4 (bearish cross)"
MPPA,2026-09-16,5.6,0.0,0.0,5.6,0.0,40.0,41.0,44.15,,"Belum breakout dari MA20 (masih di bawah/menekan) | N/A (belum ada breakout) | Close -2.44% vs MA5 | MA5>MA20=False, StochK=10.4, StochD=16.2 (bearish cross)"
AVIA,2026-09-16,4.8,0.0,0.0,4.8,0.0,340.0,348.8,358.4,,"Belum breakout dari MA20 (masih di bawah/menekan) | N/A (belum ada breakout) | Close -2.52% vs MA5 | MA5>MA20=False, StochK=0.0, StochD=0.0"
GIAA,2026-09-16,4.8,0.0,0.0,4.8,0.0,62.0,63.6,66.75,,"Belum breakout dari MA20 (masih di bawah/menekan) | N/A (belum ada breakout) | Close -2.52% vs MA5 | MA5>MA20=False, StochK=0.0, StochD=1.7 (bearish cross)"
BKSL,2026-09-16,4.2,0.0,0.0,4.2,0.0,68.0,69.8,73.8,,"Belum breakout dari MA20 (masih di bawah/menekan) | N/A (belum ada breakout) | Close -2.58% vs MA5 | MA5>MA20=False, StochK=0.0, StochD=0.0"
WIFI,2026-09-16,4.1,0.0,0.0,4.1,0.0,1920.0,1971.0,2052.25,,"Belum breakout dari MA20 (masih di bawah/menekan) | N/A (belum ada breakout) | Close -2.59% vs MA5 | MA5>MA20=False, StochK=0.0, StochD=1.8 (bearish cross)"
TKIM,2026-09-16,3.8,0.0,0.0,3.8,0.0,7625.0,7830.0,8042.5,,"Belum breakout dari MA20 (masih di bawah/menekan) | N/A (belum ada breakout) | Close -2.62% vs MA5 | MA5>MA20=False, StochK=2.0, StochD=2.0"
TOWR,2026-09-16,3.2,0.0,0.0,3.2,0.0,436.0,448.0,451.6,,"Belum breakout dari MA20 (masih di bawah/menekan) | N/A (belum ada breakout) | Close -2.68% vs MA5 | MA5>MA20=False, StochK=2.2, StochD=1.5"
HRUM,2026-09-16,2.5,0.0,0.0,2.5,0.0,885.0,910.0,923.5,,"Belum breakout dari MA20 (masih di bawah/menekan) | N/A (belum ada breakout) | Close -2.75% vs MA5 | MA5>MA20=False, StochK=0.0, StochD=0.0"
HATM,2026-09-16,2.5,0.0,0.0,2.5,0.0,565.0,581.0,591.5,,"Belum breakout dari MA20 (masih di bawah/menekan) | N/A (belum ada breakout) | Close -2.75% vs MA5 | MA5>MA20=False, StochK=6.2, StochD=17.8 (bearish cross)"
BAIK,2026-09-16,2.5,0.0,0.0,0.0,2.5,232.0,243.2,270.5,,"Belum breakout dari MA20 (masih di bawah/menekan) | N/A (belum ada breakout) | Close -4.61% vs MA5 | MA5>MA20=False, StochK=49.7, StochD=58.0 (bearish cross)"
TEBE,2026-09-16,2.4,0.0,0.0,2.4,0.0,1655.0,1702.0,1716.5,,"Belum breakout dari MA20 (masih di bawah/menekan) | N/A (belum ada breakout) | Close -2.76% vs MA5 | MA5>MA20=False, StochK=0.0, StochD=3.7 (bearish cross)"
BREN,2026-09-16,2.3,0.0,0.0,2.3,0.0,3090.0,3178.0,3323.0,,"Belum breakout dari MA20 (masih di bawah/menekan) | N/A (belum ada breakout) | Close -2.77% vs MA5 | MA5>MA20=False, StochK=7.6, StochD=4.8"
INDS,2026-09-16,2.2,0.0,0.0,2.2,0.0,252.0,259.2,266.5,,"Belum breakout dari MA20 (masih di bawah/menekan) | N/A (belum ada breakout) | Close -2.78% vs MA5 | MA5>MA20=False, StochK=0.0, StochD=10.6 (bearish cross)"
SMAR,2026-09-16,1.9,0.0,0.0,1.9,0.0,6050.0,6225.0,6282.5,,"Belum breakout dari MA20 (masih di bawah/menekan) | N/A (belum ada breakout) | Close -2.81% vs MA5 | MA5>MA20=False, StochK=4.6, StochD=3.1"
STAA,2026-09-16,1.8,0.0,0.0,1.8,0.0,1170.0,1204.0,1209.75,,"Belum breakout dari MA20 (masih di bawah/menekan) | N/A (belum ada breakout) | Close -2.82% vs MA5 | MA5>MA20=False, StochK=3.1, StochD=4.0 (bearish cross)"
BUKA,2026-09-16,1.7,0.0,0.0,1.7,0.0,103.0,106.0,110.4,,"Belum breakout dari MA20 (masih di bawah/menekan) | N/A (belum ada breakout) | Close -2.83% vs MA5 | MA5>MA20=False, StochK=10.2, StochD=20.4 (bearish cross)"
BOBA,2026-09-16,1.4,0.0,0.0,1.4,0.0,204.0,210.0,212.3,,"Belum breakout dari MA20 (masih di bawah/menekan) | N/A (belum ada breakout) | Close -2.86% vs MA5 | MA5>MA20=False, StochK=12.2, StochD=27.6 (bearish cross)"
TRGU,2026-09-16,1.1,0.0,0.0,1.1,0.0,168.0,173.0,173.8,,"Belum breakout dari MA20 (masih di bawah/menekan) | N/A (belum ada breakout) | Close -2.89% vs MA5 | MA5>MA20=False, StochK=9.6, StochD=14.3 (bearish cross)"
DCII,2026-09-16,1.1,0.0,0.0,0.6,0.5,192900.0,198750.0,200980.0,,"Belum breakout dari MA20 (masih di bawah/menekan) | N/A (belum ada breakout) | Close -2.94% vs MA5 | MA5>MA20=False, StochK=34.0, StochD=51.6 (bearish cross)"
KRAS,2026-09-16,1.0,0.0,0.0,1.0,0.0,228.0,234.8,236.9,,"Belum breakout dari MA20 (masih di bawah/menekan) | N/A (belum ada breakout) | Close -2.90% vs MA5 | MA5>MA20=False, StochK=3.2, StochD=12.3 (bearish cross)"
NICL,2026-09-16,0.9,0.0,0.0,0.9,0.0,454.0,467.6,487.25,,"Belum breakout dari MA20 (masih di bawah/menekan) | N/A (belum ada breakout) | Close -2.91% vs MA5 | MA5>MA20=False, StochK=1.5, StochD=3.3 (bearish cross)"
MIRA,2026-09-16,0.6,0.0,0.0,0.0,0.6,24.0,24.8,25.45,,"Belum breakout dari MA20 (masih di bawah/menekan) | N/A (belum ada breakout) | Close -3.23% vs MA5 | MA5>MA20=False, StochK=35.0, StochD=49.2 (bearish cross)"
BRIS,2026-09-16,0.3,0.0,0.0,0.3,0.0,1665.0,1716.0,1767.25,,"Belum breakout dari MA20 (masih di bawah/menekan) | N/A (belum ada breakout) | Close -2.97% vs MA5 | MA5>MA20=False, StochK=6.0, StochD=6.0"
HUMI,2026-09-16,0.1,0.0,0.0,0.1,0.0,130.0,134.0,142.4,,"Belum breakout dari MA20 (masih di bawah/menekan) | N/A (belum ada breakout) | Close -2.99% vs MA5 | MA5>MA20=False, StochK=2.6, StochD=11.2 (bearish cross)"
BIPI,2026-09-16,0.0,0.0,0.0,0.0,0.0,138.0,143.8,147.55,,"Belum breakout dari MA20 (masih di bawah/menekan) | N/A (belum ada breakout) | Close -4.03% vs MA5 | MA5>MA20=False, StochK=10.2, StochD=25.0 (bearish cross)"
ARTO,2026-09-16,0.0,0.0,0.0,0.0,0.0,910.0,972.0,1008.25,,"Belum breakout dari MA20 (masih di bawah/menekan) | N/A (belum ada breakout) | Close -6.38% vs MA5 | MA5>MA20=False, StochK=17.7, StochD=40.2 (bearish cross)"
PIPA,2026-09-16,0.0,0.0,0.0,0.0,0.0,173.0,191.0,193.4,,"Belum breakout dari MA20 (masih di bawah/menekan) | N/A (belum ada breakout) | Close -9.42% vs MA5 | MA5>MA20=False, StochK=0.0, StochD=0.0"
GMTD,2026-09-16,0.0,0.0,0.0,0.0,0.0,1235.0,1275.0,1359.25,,"Belum breakout dari MA20 (masih di bawah/menekan) | N/A (belum ada breakout) | Close -3.14% vs MA5 | MA5>MA20=False, StochK=9.8, StochD=9.8"
WGSH,2026-09-16,0.0,0.0,0.0,0.0,0.0,130.0,135.2,156.25,,"Belum breakout dari MA20 (masih di bawah/menekan) | N/A (belum ada breakout) | Close -3.85% vs MA5 | MA5>MA20=False, StochK=4.3, StochD=2.9"
GTSI,2026-09-16,0.0,0.0,0.0,0.0,0.0,153.0,160.4,170.95,,"Belum breakout dari MA20 (masih di bawah/menekan) | N/A (belum ada breakout) | Close -4.61% vs MA5 | MA5>MA20=False, StochK=0.0, StochD=0.5 (bearish cross)"
IATA,2026-09-16,0.0,0.0,0.0,0.0,0.0,116.0,123.0,124.65,,"Belum breakout dari MA20 (masih di bawah/menekan) | N/A (belum ada breakout) | Close -5.69% vs MA5 | MA5>MA20=False, StochK=0.0, StochD=0.5 (bearish cross)"
MDIA,2026-09-16,0.0,0.0,0.0,0.0,0.0,197.0,206.6,241.45,,"Belum breakout dari MA20 (masih di bawah/menekan) | N/A (belum ada breakout) | Close -4.65% vs MA5 | MA5>MA20=False, StochK=5.4, StochD=6.2 (bearish cross)"
LUCY,2026-09-16,0.0,0.0,0.0,0.0,0.0,334.0,367.2,399.9,,"Belum breakout dari MA20 (masih di bawah/menekan) | N/A (belum ada breakout) | Close -9.04% vs MA5 | MA5>MA20=False, StochK=0.0, StochD=7.3 (bearish cross)"
EMAS,2026-09-16,0.0,0.0,0.0,0.0,0.0,7475.0,8025.0,8475.0,,"Belum breakout dari MA20 (masih di bawah/menekan) | N/A (belum ada breakout) | Close -6.85% vs MA5 | MA5>MA20=False, StochK=0.0, StochD=4.5 (bearish cross)"
IFSH,2026-09-16,0.0,0.0,0.0,0.0,0.0,1000.0,1045.0,1069.75,,"Belum breakout dari MA20 (masih di bawah/menekan) | N/A (belum ada breakout) | Close -4.31% vs MA5 | MA5>MA20=False, StochK=19.0, StochD=41.3 (bearish cross)"
CDIA,2026-09-16,0.0,0.0,0.0,0.0,0.0,645.0,669.0,685.5,,"Belum breakout dari MA20 (masih di bawah/menekan) | N/A (belum ada breakout) | Close -3.59% vs MA5 | MA5>MA20=False, StochK=4.9, StochD=21.7 (bearish cross)"
KIJA,2026-09-16,0.0,0.0,0.0,0.0,0.0,176.0,188.0,200.2,,"Belum breakout dari MA20 (masih di bawah/menekan) | N/A (belum ada breakout) | Close -6.38% vs MA5 | MA5>MA20=False, StochK=0.4, StochD=3.0 (bearish cross)"
EPAC,2026-09-16,0.0,0.0,0.0,0.0,0.0,50.0,53.4,55.5,,"Belum breakout dari MA20 (masih di bawah/menekan) | N/A (belum ada breakout) | Close -6.37% vs MA5 | MA5>MA20=False, StochK=22.0, StochD=43.1 (bearish cross)"
KBAG,2026-09-16,0.0,0.0,0.0,0.0,0.0,41.0,42.8,44.6,,"Belum breakout dari MA20 (masih di bawah/menekan) | N/A (belum ada breakout) | Close -4.21% vs MA5 | MA5>MA20=False, StochK=26.6, StochD=40.5 (bearish cross)"
BBSS,2026-09-16,0.0,0.0,0.0,0.0,0.0,86.0,90.0,98.4,,"Belum breakout dari MA20 (masih di bawah/menekan) | N/A (belum ada breakout) | Close -4.44% vs MA5 | MA5>MA20=False, StochK=0.0, StochD=2.2 (bearish cross)"
GWSA,2026-09-16,0.0,0.0,0.0,0.0,0.0,156.0,163.4,166.1,,"Belum breakout dari MA20 (masih di bawah/menekan) | N/A (belum ada breakout) | Close -4.53% vs MA5 | MA5>MA20=False, StochK=0.0, StochD=0.3 (bearish cross)"
HMSP,2026-09-16,0.0,0.0,0.0,0.0,0.0,655.0,701.0,732.75,,"Belum breakout dari MA20 (masih di bawah/menekan) | N/A (belum ada breakout) | Close -6.56% vs MA5 | MA5>MA20=False, StochK=0.0, StochD=2.0 (bearish cross)"
FPNI,2026-09-16,0.0,0.0,0.0,0.0,0.0,505.0,531.0,581.5,,"Belum breakout dari MA20 (masih di bawah/menekan) | N/A (belum ada breakout) | Close -4.90% vs MA5 | MA5>MA20=False, StochK=0.0, StochD=0.5 (bearish cross)"
OASA,2026-09-16,0.0,0.0,0.0,0.0,0.0,274.0,294.0,315.8,,"Belum breakout dari MA20 (masih di bawah/menekan) | N/A (belum ada breakout) | Close -6.80% vs MA5 | MA5>MA20=False, StochK=0.0, StochD=0.0"
MYOH,2026-09-16,0.0,0.0,0.0,0.0,0.0,1030.0,1092.0,1128.25,,"Belum breakout dari MA20 (masih di bawah/menekan) | N/A (belum ada breakout) | Close -5.68% vs MA5 | MA5>MA20=False, StochK=0.0, StochD=0.0"
DKFT,2026-09-16,0.0,0.0,0.0,0.0,0.0,640.0,674.0,679.5,,"Belum breakout dari MA20 (masih di bawah/menekan) | N/A (belum ada breakout) | Close -5.04% vs MA5 | MA5>MA20=False, StochK=0.0, StochD=22.5 (bearish cross)"
DEWA,2026-09-16,0.0,0.0,0.0,0.0,0.0,370.0,403.2,435.8,,"Belum breakout dari MA20 (masih di bawah/menekan) | N/A (belum ada breakout) | Close -8.23% vs MA5 | MA5>MA20=False, StochK=0.0, StochD=0.0"
FUTR,2026-09-16,0.0,0.0,0.0,0.0,0.0,282.0,296.0,323.2,,"Belum breakout dari MA20 (masih di bawah/menekan) | N/A (belum ada breakout) | Close -4.73% vs MA5 | MA5>MA20=False, StochK=8.9, StochD=7.4"
PSAB,2026-09-16,0.0,0.0,0.0,0.0,0.0,555.0,574.0,595.75,,"Belum breakout dari MA20 (masih di bawah/menekan) | N/A (belum ada breakout) | Close -3.31% vs MA5 | MA5>MA20=False, StochK=5.2, StochD=10.0 (bearish cross)"
ARKO,2026-09-16,0.0,0.0,0.0,0.0,0.0,3970.0,4412.0,4851.25,,"Belum breakout dari MA20 (masih di bawah/menekan) | N/A (belum ada breakout) | Close -10.02% vs MA5 | MA5>MA20=False, StochK=0.0, StochD=0.2 (bearish cross)"
NINE,2026-09-16,0.0,0.0,0.0,0.0,0.0,82.0,89.4,93.2,,"Belum breakout dari MA20 (masih di bawah/menekan) | N/A (belum ada breakout) | Close -8.28% vs MA5 | MA5>MA20=False, StochK=0.0, StochD=0.0"
PADA,2026-09-16,0.0,0.0,0.0,0.0,0.0,190.0,197.6,216.7,,"Belum breakout dari MA20 (masih di bawah/menekan) | N/A (belum ada breakout) | Close -3.85% vs MA5 | MA5>MA20=False, StochK=0.0, StochD=0.0"
BEEF,2026-09-16,0.0,0.0,0.0,0.0,0.0,418.0,438.0,452.6,,"Belum breakout dari MA20 (masih di bawah/menekan) | N/A (belum ada breakout) | Close -4.57% vs MA5 | MA5>MA20=False, StochK=1.3, StochD=7.3 (bearish cross)"
TCPI,2026-09-16,0.0,0.0,0.0,0.0,0.0,1645.0,1851.0,2233.25,,"Belum breakout dari MA20 (masih di bawah/menekan) | N/A (belum ada breakout) | Close -11.13% vs MA5 | MA5>MA20=False, StochK=21.9, StochD=43.8 (bearish cross)"
CHIP,2026-09-16,0.0,0.0,0.0,0.0,0.0,735.0,773.0,827.75,,"Belum breakout dari MA20 (masih di bawah/menekan) | N/A (belum ada breakout) | Close -4.92% vs MA5 | MA5>MA20=False, StochK=0.0, StochD=0.6 (bearish cross)"
JAST,2026-09-16,0.0,0.0,0.0,0.0,0.0,88.0,91.0,93.2,,"Belum breakout dari MA20 (masih di bawah/menekan) | N/A (belum ada breakout) | Close -3.30% vs MA5 | MA5>MA20=False, StochK=0.0, StochD=0.5 (bearish cross)"
WIIM,2026-09-16,0.0,0.0,0.0,0.0,0.0,1475.0,1553.0,1641.5,,"Belum breakout dari MA20 (masih di bawah/menekan) | N/A (belum ada breakout) | Close -5.02% vs MA5 | MA5>MA20=False, StochK=2.4, StochD=10.6 (bearish cross)"
VIVA,2026-09-16,0.0,0.0,0.0,0.0,0.0,42.0,43.6,48.3,,"Belum breakout dari MA20 (masih di bawah/menekan) | N/A (belum ada breakout) | Close -3.67% vs MA5 | MA5>MA20=False, StochK=0.0, StochD=0.0"
TOBA,2026-09-16,0.0,0.0,0.0,0.0,0.0,515.0,541.0,569.25,,"Belum breakout dari MA20 (masih di bawah/menekan) | N/A (belum ada breakout) | Close -4.81% vs MA5 | MA5>MA20=False, StochK=0.0, StochD=0.0"
BULL,2026-09-16,0.0,0.0,0.0,0.0,0.0,406.0,419.2,437.3,,"Belum breakout dari MA20 (masih di bawah/menekan) | N/A (belum ada breakout) | Close -3.15% vs MA5 | MA5>MA20=False, StochK=2.2, StochD=6.2 (bearish cross)"
BRPT,2026-09-16,0.0,0.0,0.0,0.0,0.0,1600.0,1661.0,1775.25,,"Belum breakout dari MA20 (masih di bawah/menekan) | N/A (belum ada breakout) | Close -3.67% vs MA5 | MA5>MA20=False, StochK=0.0, StochD=0.0"
CRSN,2026-09-16,0.0,0.0,0.0,0.0,0.0,126.0,132.0,132.25,,"Belum breakout dari MA20 (masih di bawah/menekan) | N/A (belum ada breakout) | Close -4.55% vs MA5 | MA5>MA20=False, StochK=4.0, StochD=9.0 (bearish cross)"
VKTR,2026-09-16,0.0,0.0,0.0,0.0,0.0,730.0,770.0,869.0,,"Belum breakout dari MA20 (masih di bawah/menekan) | N/A (belum ada breakout) | Close -5.19% vs MA5 | MA5>MA20=False, StochK=0.0, StochD=0.0"
BNBR,2026-09-16,0.0,0.0,0.0,0.0,0.0,90.0,93.0,98.25,,"Belum breakout dari MA20 (masih di bawah/menekan) | N/A (belum ada breakout) | Close -3.23% vs MA5 | MA5>MA20=False, StochK=0.0, StochD=0.0"
INET,2026-09-16,0.0,0.0,0.0,0.0,0.0,316.0,332.0,338.6,,"Belum breakout dari MA20 (masih di bawah/menekan) | N/A (belum ada breakout) | Close -4.82% vs MA5 | MA5>MA20=False, StochK=0.0, StochD=0.0"
HOKI,2026-09-16,0.0,0.0,0.0,0.0,0.0,53.0,55.0,55.6,,"Belum breakout dari MA20 (masih di bawah/menekan) | N/A (belum ada breakout) | Close -3.64% vs MA5 | MA5>MA20=False, StochK=0.0, StochD=12.3 (bearish cross)"
RIGS,2026-09-16,0.0,0.0,0.0,0.0,0.0,650.0,675.0,689.25,,"Belum breakout dari MA20 (masih di bawah/menekan) | N/A (belum ada breakout) | Close -3.70% vs MA5 | MA5>MA20=False, StochK=16.1, StochD=25.5 (bearish cross)"
UDNG,2026-09-15,0.0,0.0,0.0,0.0,0.0,486.0,602.2,1088.8,,"Belum breakout dari MA20 (masih di bawah/menekan) | N/A (belum ada breakout) | Close -19.30% vs MA5 | MA5>MA20=False, StochK=0.0, StochD=0.0"
BBKP,2026-09-16,0.0,0.0,0.0,0.0,0.0,50.0,51.6,53.8,,"Belum breakout dari MA20 (masih di bawah/menekan) | N/A (belum ada breakout) | Close -3.10% vs MA5 | MA5>MA20=False, StochK=0.0, StochD=0.0"
LIVE,2026-09-16,0.0,0.0,0.0,0.0,0.0,182.0,190.0,191.05,,"Belum breakout dari MA20 (masih di bawah/menekan) | N/A (belum ada breakout) | Close -4.21% vs MA5 | MA5>MA20=False, StochK=18.3, StochD=49.3 (bearish cross)"
BEST,2026-09-16,0.0,0.0,0.0,0.0,0.0,121.0,125.2,128.8,,"Belum breakout dari MA20 (masih di bawah/menekan) | N/A (belum ada breakout) | Close -3.35% vs MA5 | MA5>MA20=False, StochK=0.0, StochD=0.0"
APIC,2026-09-16,0.0,0.0,0.0,0.0,0.0,404.0,441.2,498.3,,"Belum breakout dari MA20 (masih di bawah/menekan) | N/A (belum ada breakout) | Close -8.43% vs MA5 | MA5>MA20=False, StochK=29.9, StochD=21.2"
